time,ax,ay,gz,lon,lat,height,speed,heading,az
0,0.291,-0.287,-2.13,-82.6348261,40.6895501,369.792,38.331043,176.05069,-0.907
0.0999999999994543,0.293,-0.133,-1.54,-82.6348723,40.6895516,369.857,38.624657,176.43753,-0.902
0.199999999999818,0.27,-0.121,-1.23,-82.6348723,40.6895516,369.857,38.624657,176.43753,-0.94
0.300000000000182,0.308,-0.014,-0.27,-82.6349654,40.6895546,369.965,39.123764,176.99643,-0.989
0.399999999999636,0.286,-0.154,-0.13,-82.6350126,40.6895561,370.01,39.385876,177.23494,-0.984
0.5,0.314,0.025,0.19,-82.6350599,40.689557,370.065,39.597393,177.51045,-1.016
0.599999999999454,0.34,-0.147,0.1,-82.6350599,40.689557,370.065,39.597393,177.51045,-1.024
0.699999999999818,0.259,-0.069,0.54,-82.6351557,40.6895596,370.118,40.119205,177.81442,-1.021
0.800000000000182,0.357,-0.034,1.11,-82.6351557,40.6895596,370.118,40.119205,177.81442,-0.994
0.899999999999636,0.218,-0.162,1.03,-82.6352529,40.6895617,370.193,40.640495,178.18103,-0.928
1,0.244,0.235,2.98,-82.6352529,40.6895617,370.193,40.640495,178.18103,-0.928
1.09999999999945,0.332,0.14,0.75,-82.6353515,40.6895637,370.256,41.185234,178.4417,-0.976
1.19999999999982,0.287,0.03,0.17,-82.6353515,40.6895637,370.256,41.185234,178.4417,-1.015
1.30000000000018,0.259,-0.156,-0.23,-82.6354513,40.6895668,370.34,41.639374,178.25221,-1.038
1.39999999999964,0.25,-0.086,0.06,-82.6354513,40.6895668,370.34,41.639374,178.25221,-1.031
1.5,0.295,-0.113,-0.04,-82.6355525,40.6895697,370.451,42.16259,178.12436,-1.029
1.59999999999945,0.236,0.025,0.75,-82.6355525,40.6895697,370.451,42.16259,178.12436,-1.048
1.69999999999982,0.241,0.004,0.59,-82.6356548,40.6895732,370.63,42.717796,177.93399,-1.076
1.80000000000018,0.248,0.002,0.88,-82.6356548,40.6895732,370.63,42.717796,177.93399,-1.067
1.89999999999964,0.289,-0.024,0.83,-82.635758,40.6895766,370.785,43.16123,177.8224,-1.033
2,0.232,0.035,0.92,-82.635758,40.6895766,370.785,43.16123,177.8224,-1.023
2.09999999999945,0.236,-0.022,0.81,-82.6358101,40.6895787,370.84,43.453712,177.74469,-1.045
2.19999999999982,0.248,-0.127,-0.09,-82.6359149,40.6895826,370.895,43.927773,177.62546,-1.051
2.30000000000018,0.327,-0.044,-0.36,-82.6359672,40.6895845,370.959,44.060646,177.5415,-1.057
2.39999999999964,0.215,0.076,0.05,-82.6359672,40.6895845,370.959,44.060646,177.5415,-0.998
2.4989999999998,0.24,-0.089,0.59,-82.6360205,40.6895867,371.066,44.363506,177.4678,-0.96
2.59999999999945,0.234,-0.008,0.91,-82.6361275,40.6895912,371.284,44.90091,177.28096,-0.986
2.69999999999982,0.202,0.044,0.18,-82.6361809,40.6895932,371.378,45.01941,177.32634,-0.966
2.79899999999998,0.228,0.019,0.83,-82.6361809,40.6895932,371.378,45.01941,177.32634,-0.986
2.89999999999964,0.252,-0.104,0.63,-82.636235,40.6895953,371.466,45.291077,177.29175,-0.997
3,0.265,0.221,0.83,-82.6363442,40.6895997,371.556,45.773388,177.24512,-1.028
3.09900000000016,0.251,0.032,-0.17,-82.6363995,40.689602,371.628,46.01459,177.22217,-1.067
3.19899999999961,0.225,-0.006,0.09,-82.6363995,40.689602,371.628,46.01459,177.22217,-1.08
3.30000000000018,0.232,-0.004,0.57,-82.6364548,40.6896043,371.692,46.226833,177.17288,-1.089
3.39899999999943,0.205,0.276,0.88,-82.6365663,40.689609,371.885,46.691933,177.06589,-1.096
3.4989999999998,0.19,-0.107,0.1,-82.6366223,40.6896116,372.018,46.898056,176.93199,-1.137
3.59900000000016,0.256,0.078,-0.41,-82.6366223,40.6896116,372.018,46.898056,176.93199,-1.115
3.69899999999961,0.129,-0.051,-0.87,-82.6366781,40.6896141,372.196,47.042377,176.84381,-1.083
3.79899999999998,0.101,-0.013,0.96,-82.6367911,40.6896188,372.482,47.464367,176.8235,-1.055
3.89899999999943,-0.069,0.02,0.3,-82.6368481,40.6896215,372.64,47.71975,176.72026,-0.984
3.9989999999998,-0.28,0,0.6,-82.6368481,40.6896215,372.64,47.71975,176.72026,-0.917
4.09900000000016,-0.466,0.149,0.33,-82.6369046,40.6896238,372.863,47.768303,176.75963,-0.88
4.19899999999961,-0.661,-0.026,0.92,-82.6370175,40.6896287,373.142,47.663765,176.64413,-0.881
4.29899999999998,-0.817,0.008,1.24,-82.6370732,40.6896312,373.173,47.398834,176.52847,-0.924
4.39899999999943,-0.784,0.066,-0.34,-82.6370732,40.6896312,373.173,47.398834,176.52847,-0.995
4.4989999999998,-0.799,-0.058,-0.46,-82.6371276,40.6896335,373.227,46.913296,176.4191,-1.043
4.59900000000016,-0.893,-0.023,-1.41,-82.6372339,40.6896382,373.232,45.67263,176.18341,-1.042
4.69899999999961,-0.89,-0.021,-2.07,-82.6372861,40.6896404,373.32,45.163788,176.14035,-0.991
4.79899999999998,-0.856,-0.122,-1.88,-82.6372861,40.6896404,373.32,45.163788,176.14035,-0.943
4.89899999999943,-0.826,-0.214,-1.23,-82.6373366,40.6896426,373.413,44.33565,176.06815,-0.94
4.9989999999998,-0.797,-0.144,-0.8,-82.6374352,40.6896462,373.364,42.783234,176.23402,-0.925
5.09900000000016,-0.79,-0.058,-1.48,-82.6374831,40.689648,373.372,41.98355,176.18954,-0.913
5.19899999999961,-0.763,-0.168,-3.43,-82.6374831,40.689648,373.372,41.98355,176.18954,-0.927
5.29899999999998,-0.685,-0.355,-5.5,-82.6375764,40.6896513,373.226,40.493874,176.31863,-0.942
5.39899999999943,-0.596,-0.515,-7.28,-82.6376217,40.6896525,373.16,39.74912,176.62506,-0.957
5.4989999999998,-0.475,-0.351,-7.8,-82.6376217,40.6896525,373.16,39.74912,176.62506,-0.978
5.59900000000016,-0.497,-0.608,-8.69,-82.6376664,40.6896532,373.043,39.094902,176.96486,-0.981
5.69899999999961,-0.47,-0.576,-9.73,-82.6377536,40.6896541,372.997,37.887383,177.82182,-0.993
5.79899999999998,-0.443,-0.61,-10.49,-82.6377962,40.6896541,373.061,37.328033,178.21918,-0.985
5.89899999999943,-0.488,-0.788,-12.18,-82.6377962,40.6896541,373.061,37.328033,178.21918,-0.968
5.9989999999998,-0.389,-0.783,-13.28,-82.6378383,40.6896536,373.155,36.81848,178.77054,-0.983
6.09900000000016,-0.263,-0.717,-12.19,-82.6379206,40.6896507,373.322,35.870903,-179.60068,-0.997
6.19899999999961,-0.182,-0.948,-12.32,-82.6379615,40.6896482,373.358,35.580673,-178.59889,-1.018
6.29899999999998,-0.05,-0.835,-13.49,-82.6379615,40.6896482,373.358,35.580673,-178.59889,-1.008
6.39899999999943,-0.041,-0.865,-12.43,-82.638043,40.6896447,373.615,35.142056,-177.97786,-0.976
6.4989999999998,0.082,-1.165,-14.72,-82.6380843,40.6896433,373.676,35.106174,-177.79614,-0.938
6.59900000000016,0.168,-0.818,-11.09,-82.6381253,40.6896416,373.763,35.02985,-177.64401,-0.923
6.69899999999961,-0.017,-0.949,-11.81,-82.6381253,40.6896416,373.763,35.02985,-177.64401,-0.933
6.79899999999998,0.046,-0.826,-14.27,-82.6381657,40.6896392,373.841,34.87886,-177.30493,-0.903
6.89899999999943,-0.188,-0.797,-17.25,-82.6382443,40.6896321,373.949,34.46036,-175.85634,-0.916
6.9989999999998,-0.012,-0.814,-22.8,-82.6382819,40.6896276,374.073,34.082275,-175.15259,-0.975
7.09900000000016,0.016,-1.264,-21.13,-82.6382819,40.6896276,374.073,34.082275,-175.15259,-0.989
7.19899999999961,-0.141,-1.315,-21.85,-82.6383561,40.6896148,374.325,33.57054,-172.8644,-1.001
7.29899999999998,-0.064,-1.678,-24.44,-82.6383917,40.6896067,374.456,33.26399,-171.40706,-1.043
7.39899999999943,0.011,-1.406,-19.69,-82.6383917,40.6896067,374.456,33.26399,-171.40706,-1.065
7.4989999999998,-0.084,-1.112,-18.79,-82.6384265,40.6895972,374.64,32.940826,-169.80559,-1.048
7.59900000000016,-0.052,-1.081,-19.78,-82.6384868,40.6895677,375.7,32.025578,-163.86292,-1.028
7.69899999999961,-0.046,-1.008,-20.83,-82.638521,40.6895527,375.814,32.215157,-161.5763,-1.044
7.79899999999998,0.007,-1.272,-18.46,-82.638521,40.6895527,375.814,32.215157,-161.5763,-1.011
7.89899999999943,0.011,-1.272,-13.49,-82.638555,40.689537,375.949,32.436436,-159.45842,-0.954
7.9989999999998,0.102,-0.926,-9.17,-82.6386212,40.6895051,376.057,32.678005,-155.96094,-0.926
8.09900000000016,-0.013,-0.92,-9.38,-82.6386533,40.6894889,376.057,32.7182,-154.46887,-0.911
8.19899999999961,0.033,-0.976,-16.92,-82.6386533,40.6894889,376.057,32.7182,-154.46887,-0.9
8.29899999999998,0.128,-1.09,-20.59,-82.6386838,40.6894714,376.071,32.634407,-152.75177,-0.914
8.39899999999943,0.147,-1.069,-20.42,-82.6387434,40.6894321,376.618,32.90725,-148.78836,-0.956
8.4989999999998,0.142,-0.79,-18.66,-82.6387434,40.6894321,376.618,32.90725,-148.78836,-1.017
8.59900000000016,0.284,-0.915,-19.45,-82.6388037,40.6893923,376.808,33.252148,-145.83673,-1.013
8.69800000000032,0.227,-1.31,-15.6,-82.6388328,40.6893722,376.877,33.2788,-144.6525,-0.967
8.79799999999977,0.244,-0.96,-15.84,-82.6388328,40.6893722,376.877,33.2788,-144.6525,-0.961
8.89800000000014,0.289,-0.752,-15.09,-82.6388604,40.6893508,377.004,33.37124,-143.06485,-0.958
8.99799999999959,0.235,-0.852,-15.2,-82.6388604,40.6893508,377.004,33.37124,-143.06485,-0.959
9.09799999999996,0.295,-1.068,-14.15,-82.6389404,40.6892833,377.391,33.5682,-138.7932,-0.955
9.19800000000032,0.302,-0.908,-12.29,-82.6389404,40.6892833,377.391,33.5682,-138.7932,-0.961
9.29799999999977,0.233,-0.955,-13.94,-82.6389896,40.6892348,377.745,33.703835,-135.78152,-0.995
9.39800000000014,0.256,-0.88,-15.11,-82.6389896,40.6892348,377.745,33.703835,-135.78152,-1.008
9.49799999999959,0.301,-1.088,-16.89,-82.6390366,40.6891838,378.095,33.986126,-132.90097,-1.033
9.63199999999961,0.364,-1.057,-14.47,-82.6390366,40.6891838,378.095,33.986126,-132.90097,-0.988
9.71500000000015,0.378,-0.897,-15.44,-82.6390782,40.6891278,378.341,34.405884,-129.24254,-0.94
9.82600000000002,0.213,-0.956,-14.56,-82.6391163,40.6890693,378.468,34.856983,-125.7288,-0.904
9.91399999999976,0.259,-0.95,-16.17,-82.6391163,40.6890693,378.468,34.856983,-125.7288,-0.949
10.0259999999998,0.319,-0.903,-13.78,-82.6391527,40.6890089,378.563,35.3956,-122.60778,-0.969
10.1139999999996,0.314,-0.757,-12.84,-82.6391527,40.6890089,378.563,35.3956,-122.60778,-0.987
10.2139999999999,0.325,-1.158,-13.37,-82.6391527,40.6890089,378.563,35.3956,-122.60778,-1.008
10.3249999999998,0.299,-0.958,-15.17,-82.6392024,40.6889102,378.272,37.01473,-117.659035,-1.023
10.4210000000003,0.154,-0.956,-13.94,-82.6392161,40.6888759,378.164,37.492218,-115.9772,-1.034
10.5219999999999,0.212,-0.735,-16.05,-82.6392291,40.6888417,378.187,37.85598,-114.43894,-1.054
10.6139999999996,0.292,-1.135,-16.1,-82.6392291,40.6888417,378.187,37.85598,-114.43894,-1.085
10.7219999999998,0.328,-1.046,-13.59,-82.6392388,40.688807,378.304,38.06704,-112.63722,-1.111
10.8209999999999,0.392,-0.36,-10,-82.6392558,40.688738,378.479,38.405254,-109.265396,-1.113
10.9219999999996,0.224,-1.366,-14.68,-82.6392633,40.6887029,378.594,38.65452,-107.69892,-1.076
11.0129999999999,0.331,-1.01,-12.78,-82.6392633,40.6887029,378.594,38.65452,-107.69892,-1.077
11.1210000000001,0.3,-0.988,-11.17,-82.6392642,40.6886642,379.019,39.244595,-105.233345,-1.124
11.2209999999995,0.313,-0.915,-10.68,-82.6392676,40.6885914,379.609,39.699844,-101.39202,-1.175
11.3209999999999,0.295,-0.767,-11.29,-82.6392706,40.6885553,379.888,39.859577,-100.04379,-1.196
11.4129999999996,0.315,-0.839,-11.99,-82.6392706,40.6885553,379.888,39.859577,-100.04379,-1.204
11.5209999999997,0.305,-0.883,-10.05,-82.6392724,40.6885189,380.187,40.08635,-98.65377,-1.194
11.6210000000001,0.299,-0.708,-10.14,-82.6392754,40.6884457,380.772,40.48334,-96.25576,-1.17
11.7209999999995,0.312,-0.726,-10.79,-82.639275,40.6884092,381.072,40.57922,-95.02052,-1.11
11.8130000000001,0.254,-0.81,-9.59,-82.639275,40.6884092,381.072,40.57922,-95.02052,-1.018
11.9210000000003,0.285,-0.642,-8.29,-82.6392745,40.6883725,381.369,40.7113,-93.94518,-0.96
12.0209999999997,0.301,-0.55,-8.41,-82.6392743,40.6882997,381.616,40.813625,-92.472466,-0.91
12.1210000000001,0.261,-0.749,-8.68,-82.6392745,40.6882626,381.716,41.03939,-91.94172,-0.869
12.2129999999997,0.298,-0.63,-7.97,-82.6392745,40.6882626,381.716,41.03939,-91.94172,-0.87
12.3249999999998,0.362,-0.493,-5.15,-82.639268,40.6881847,382.016,42.275414,-89.918655,-0.882
12.4129999999996,0.268,-0.206,-3.11,-82.639268,40.6881847,382.016,42.275414,-89.918655,-0.921
12.5209999999997,0.294,-0.536,-2.58,-82.6392608,40.6881075,382.234,42.729378,-88.52432,-0.908
12.6120000000001,0.241,-0.225,-0.9,-82.6392608,40.6881075,382.234,42.729378,-88.52432,-0.921
12.7209999999995,0.28,-0.373,-1.63,-82.6392561,40.6880686,382.356,42.966064,-87.82508,-0.943
12.8209999999999,0.28,-0.187,-0.61,-82.6392453,40.6879913,382.512,43.254475,-86.52616,-0.962
12.9120000000003,0.244,-0.073,-0.57,-82.6392453,40.6879913,382.512,43.254475,-86.52616,-0.981
13.0119999999997,0.256,-0.048,-0.4,-82.6392389,40.6879525,382.568,43.406303,-85.889915,-1.009
13.1120000000001,0.318,0.088,0.38,-82.6392389,40.6879525,382.568,43.406303,-85.889915,-1.032
13.2209999999995,0.279,0.076,1.04,-82.6392233,40.6878339,382.996,43.889072,-85.044395,-1.019
13.3119999999999,0.232,-0.097,1.43,-82.6392233,40.6878339,382.996,43.889072,-85.044395,-1
13.4120000000003,0.271,0.176,2.07,-82.6392175,40.6877943,383.158,44.060947,-84.73726,-0.997
13.5119999999997,0.238,0.078,1.46,-82.6392175,40.6877943,383.158,44.060947,-84.73726,-0.955
13.6120000000001,0.268,0.088,2.19,-82.6392111,40.6877547,383.253,44.17411,-84.424965,-0.91
13.7240000000002,0.233,0.202,1,-82.6391927,40.6876345,383.537,44.67433,-83.81707,-0.872
13.8209999999999,0.286,0.171,1.2,-82.6391864,40.6875943,383.598,44.81632,-83.6824,-0.881
13.9120000000003,0.204,0.04,0.67,-82.6391864,40.6875943,383.598,44.81632,-83.6824,-0.863
14.0119999999997,0.228,0.144,1.19,-82.63918,40.6875539,383.65,44.989487,-83.54023,-0.883
14.1210000000001,0.269,-0.04,2.01,-82.6391742,40.6875135,383.607,45.091465,-83.51663,-0.917
14.2119999999995,0.248,0.112,1.79,-82.6391742,40.6875135,383.607,45.091465,-83.51663,-0.912
14.3189999999995,0.195,0.125,2.8,-82.6391575,40.6873899,383.688,45.68969,-83.56423,-0.932
14.4120000000003,0.201,0.096,2.4,-82.6391575,40.6873899,383.688,45.68969,-83.56423,-0.949
14.5119999999997,0.235,0.246,2.43,-82.6391575,40.6873899,383.688,45.68969,-83.56423,-0.976
14.6120000000001,0.143,0.301,2.01,-82.6391519,40.6873482,383.747,45.89921,-83.58121,-0.979
14.7110000000002,0.124,0.225,2.54,-82.6391419,40.6872636,383.879,46.393673,-83.786674,-1.008
14.8109999999997,0.076,0.253,2.63,-82.6391419,40.6872636,383.879,46.393673,-83.786674,-1.045
14.9110000000001,0.034,0.162,2.72,-82.6391316,40.6871794,383.928,46.613293,-83.915054,-1.066
15.0109999999995,-0.079,0.297,4.83,-82.6391316,40.6871794,383.928,46.613293,-83.915054,-1.041
15.1109999999999,-0.137,0.536,7.57,-82.6391316,40.6871794,383.928,46.613293,-83.915054,-1.06
15.2110000000002,-0.112,0.566,8.44,-82.6391206,40.6870521,384.01,46.72401,-84.78003,-1.089
15.3109999999997,-0.1,0.693,8.15,-82.6391168,40.6870099,384.098,46.734055,-84.91659,-1.111
15.4110000000001,-0.161,0.65,8.62,-82.6391168,40.6870099,384.098,46.734055,-84.91659,-1.109
15.5109999999995,-0.125,0.769,9.64,-82.6391137,40.6869681,384.358,46.52308,-85.214874,-1.098
15.6189999999997,-0.128,0.765,10.42,-82.6391096,40.6868434,384.952,45.972424,-86.61963,-1.089
15.7110000000002,-0.129,0.895,11.27,-82.6391096,40.6868434,384.952,45.972424,-86.61963,-1.106
15.8109999999997,-0.135,0.684,9.55,-82.6391096,40.6868434,384.952,45.972424,-86.61963,-1.087
15.9110000000001,-0.09,0.555,9.46,-82.6391122,40.6867608,385.442,45.527203,-88.16172,-1.027
16.0109999999995,-0.117,0.735,11.23,-82.6391146,40.6867194,385.91,45.37357,-88.926216,-0.942
16.1109999999999,-0.134,0.878,14.58,-82.6391146,40.6867194,385.91,45.37357,-88.926216,-0.881
16.2110000000002,-0.144,0.908,15.96,-82.6391168,40.6866792,386.084,45.087254,-89.56779,-0.887
16.3109999999997,-0.125,1.25,15.5,-82.6391247,40.6865989,386.368,44.66507,-91.18066,-0.906
16.4099999999999,-0.154,0.944,14.84,-82.6391307,40.6865593,386.633,44.310047,-92.23839,-0.908
16.5100000000002,-0.137,0.96,16.16,-82.6391307,40.6865593,386.633,44.310047,-92.23839,-0.937
16.6099999999997,-0.146,1.152,11.65,-82.6391381,40.6865194,386.898,44.071915,-93.344315,-0.966
16.71,-0.118,0.754,9.01,-82.6391663,40.6864374,388.059,44.028435,-97.40277,-0.936
16.8099999999995,-0.113,1.125,8.56,-82.6391805,40.6863983,388.197,43.954224,-99.18144,-0.908
16.9099999999999,-0.216,1.053,9.11,-82.6391805,40.6863983,388.197,43.954224,-99.18144,-0.93
17.0100000000002,-0.106,0.88,9.37,-82.6392094,40.6863211,388.263,43.879597,-102.134895,-0.967
17.1099999999997,-0.176,0.893,10.61,-82.6392094,40.6863211,388.263,43.879597,-102.134895,-0.946
17.21,-0.224,0.948,17.51,-82.6392405,40.6862462,388.211,43.61035,-104.833206,-0.979
17.3099999999995,-0.124,1.229,14.15,-82.6392575,40.6862092,388.234,43.469273,-106.04501,-1.05
17.4099999999999,-0.159,1.053,11.11,-82.6392745,40.6861725,388.568,43.165367,-107.14568,-1.114
17.5100000000002,-0.319,0.919,7.27,-82.6392745,40.6861725,388.568,43.165367,-107.14568,-1.131
17.6099999999997,-0.482,0.455,5.95,-82.6393116,40.686102,388.969,42.362755,-109.68022,-1.118
17.71,-0.565,0.511,5.87,-82.6393116,40.686102,388.969,42.362755,-109.68022,-1.082
17.8099999999995,-0.649,0.264,1.32,-82.6393116,40.686102,388.969,42.362755,-109.68022,-1.007
17.9099999999999,-0.736,-0.002,-2.17,-82.639372,40.6859996,389.606,41.225567,-112.92471,-0.947
18.0100000000002,-0.848,-0.089,-4.15,-82.639372,40.6859996,389.606,41.225567,-112.92471,-0.897
18.1099999999997,-0.908,-0.051,-3.51,-82.6394131,40.6859339,390.335,40.16535,-114.34944,-0.889
18.21,-0.937,-0.159,-2.41,-82.6394131,40.6859339,390.335,40.16535,-114.34944,-0.91
18.3099999999995,-0.917,-0.164,-0.96,-82.6394516,40.6858712,390.897,38.75237,-114.81131,-0.916
18.4099999999999,-0.987,-0.125,-2.14,-82.6394516,40.6858712,390.897,38.75237,-114.81131,-0.967
18.5100000000002,-0.95,-0.172,-4.22,-82.6394883,40.685811,391.463,37.31764,-114.93612,-1.01
18.6099999999997,-0.957,-0.399,-6.73,-82.6394883,40.685811,391.463,37.31764,-114.93612,-1.007
18.71,-0.87,-0.486,-10.27,-82.6395225,40.6857532,392.127,35.597027,-114.68398,-0.996
18.8099999999995,-0.774,-0.564,-11.47,-82.6395225,40.6857532,392.127,35.597027,-114.68398,-0.999
18.9099999999999,-0.674,-0.729,-13.24,-82.6395541,40.6856971,392.922,34.075356,-113.86846,-0.998
19.0100000000002,-0.6,-0.645,-15.02,-82.6395541,40.6856971,392.922,34.075356,-113.86846,-1.01
19.1099999999997,-0.524,-0.818,-14.48,-82.6395682,40.6856696,393.277,33.37032,-113.05635,-1.024
19.21,-0.228,-0.927,-16.97,-82.6395936,40.6856159,393.99,32.02307,-111.218956,-1.039
19.3099999999995,-0.072,-1.127,-17.99,-82.6396046,40.6855897,394.368,31.370632,-110.11912,-1.034
19.4099999999999,-0.116,-1.077,-19.24,-82.6396046,40.6855897,394.368,31.370632,-110.11912,-1.024
19.5100000000002,-0.108,-1.006,-22.46,-82.6396142,40.6855636,394.702,30.804657,-108.74732,-1.019
19.6509999999998,-0.104,-1.022,-23.75,-82.6396297,40.6855113,395.347,30.013746,-105.317215,-1.007
19.7339999999995,0.018,-1.285,-24.87,-82.6396354,40.6854857,395.578,29.645084,-103.55225,-0.974
19.8339999999998,0.269,-0.977,-21.65,-82.6396403,40.6854599,395.79,29.424784,-101.81526,-0.967
19.9340000000002,0.344,-0.981,-20.49,-82.6396475,40.6854067,396.39,29.334417,-98.45136,-0.946
20.0339999999997,0.306,-1.181,-18.53,-82.639651,40.6853793,396.773,29.526302,-97.277054,-0.917
20.134,0.224,-0.804,-16.52,-82.639651,40.6853793,396.773,29.526302,-97.277054,-0.915
20.2339999999995,0.288,-0.654,-15.59,-82.6396537,40.6853518,397.136,29.737131,-96.058556,-0.944
20.3339999999998,0.267,-1.153,-16.33,-82.6396506,40.6852982,397.908,29.3997,-91.466286,-0.939
20.433,0.284,-1.089,-17.51,-82.6396479,40.6852709,398.294,29.543962,-89.49418,-0.943
20.5329999999994,0.283,-1.007,-17.35,-82.6396479,40.6852709,398.294,29.543962,-89.49418,-0.986
20.6329999999998,0.204,-0.966,-19.12,-82.6396446,40.6852437,398.609,29.714361,-87.9104,-0.995
20.7330000000002,0.298,-1.122,-19.84,-82.6396355,40.6851895,399.064,30.019108,-85.20773,-0.981
20.8329999999996,0.287,-1.151,-20,-82.6396355,40.6851895,399.064,30.019108,-85.20773,-0.973
20.9439999999995,0.288,-0.958,-20.23,-82.6396211,40.6851358,399.52,30.104633,-81.89689,-0.985
21.0329999999994,0.243,-1.143,-18.3,-82.639612,40.6851091,399.72,30.254047,-80.20661,-0.965
21.1329999999998,0.248,-0.845,-18.24,-82.639612,40.6851091,399.72,30.254047,-80.20661,-0.961
21.232,0.255,-1.106,-19.48,-82.6396003,40.6850815,400.145,30.512995,-77.81446,-0.975
21.3400000000001,0.284,-0.599,-17.71,-82.6395737,40.6850279,400.844,30.797398,-73.554634,-1.015
21.4319999999998,0.284,-1.331,-19.12,-82.6395601,40.6850014,401.19,30.895874,-72.0299,-1.02
21.5320000000002,0.244,-0.995,-16.27,-82.6395601,40.6850014,401.19,30.895874,-72.0299,-1.053
21.6319999999996,0.363,-0.71,-12.39,-82.6395441,40.6849748,401.596,31.155334,-69.8608,-1.101
21.7399999999998,0.249,-0.806,-7.25,-82.6395086,40.6849234,402.189,31.438965,-65.90567,-1.066
21.8319999999994,0.262,-0.566,-7.54,-82.6394895,40.6848984,402.348,31.586346,-64.28154,-1.058
21.9319999999998,0.314,-0.294,-6.01,-82.6394895,40.6848984,402.348,31.586346,-64.28154,-1.077
22.0320000000002,0.276,-0.354,-4.69,-82.6394688,40.6848737,402.415,31.966496,-62.687027,-1.086
22.1399999999994,0.336,-0.255,-3.6,-82.6394251,40.6848245,402.569,32.579678,-60.00132,-1.09
22.232,0.198,-0.059,-1.08,-82.6394251,40.6848245,402.569,32.579678,-60.00132,-1.101
22.3319999999994,-0.006,0.086,0.9,-82.6393805,40.6847752,402.76,33.095024,-58.241222,-1.125
22.4399999999996,-0.158,0.029,2.59,-82.6393585,40.6847507,402.871,33.129642,-57.810787,-1.136
22.5320000000002,-0.47,0.083,3.39,-82.6393585,40.6847507,402.871,33.129642,-57.810787,-1.144
22.6399999999994,-0.797,0.224,4.13,-82.6393363,40.6847268,402.956,33.082928,-57.28773,-1.129
22.7399999999998,-0.954,0.173,5.84,-82.6392946,40.684679,403.409,32.368877,-56.8712,-1.098
22.8319999999994,-1.035,0.193,6.79,-82.6392748,40.6846564,403.529,31.678516,-56.833164,-1.044
22.9319999999998,-1.093,0.388,9.09,-82.6392748,40.6846564,403.529,31.678516,-56.833164,-1.013
23.04,-0.984,0.315,8.47,-82.639256,40.6846345,403.706,30.843107,-56.769897,-1.032
23.1399999999994,-0.804,0.348,2.06,-82.6392212,40.6845924,404.159,28.98523,-57.096718,-1.039
23.2399999999998,-0.903,0.163,1.04,-82.6392049,40.6845724,404.357,28.059063,-57.401466,-1.022
23.3319999999994,-0.883,0.305,5.91,-82.6392049,40.6845724,404.357,28.059063,-57.401466,-1.036
23.4430000000002,-0.804,0.363,10.02,-82.6391754,40.6845334,404.674,26.331953,-58.504147,-1.045
23.5320000000002,-0.688,0.622,15.26,-82.6391754,40.6845334,404.674,26.331953,-58.504147,-1.052
23.6399999999994,-0.552,0.698,18.04,-82.6391496,40.6844964,405.137,24.54904,-59.961327,-1.033
23.732,-0.416,0.709,20.01,-82.6391381,40.6844782,405.357,23.842821,-61.057995,-0.984
23.8310000000001,-0.437,0.815,22.6,-82.6391381,40.6844782,405.357,23.842821,-61.057995,-0.95
23.9390000000003,-0.397,0.836,25.16,-82.6391184,40.6844427,405.579,22.67873,-64.252754,-0.919
24.04,-0.372,0.982,26.52,-82.6391101,40.6844247,405.764,22.159832,-66.040146,-0.915
24.1399999999994,-0.24,1.071,28.31,-82.6391017,40.6844076,405.822,21.720205,-67.376045,-0.922
24.2309999999998,-0.152,0.902,27.52,-82.6391017,40.6844076,405.822,21.720205,-67.376045,-0.932
24.3400000000001,-0.126,0.971,29.11,-82.6390907,40.6843749,405.029,20.990496,-73.34277,-0.928
24.4399999999996,-0.098,1.085,28.28,-82.6390868,40.6843583,404.737,20.763113,-76.178795,-0.918
24.54,-0.134,0.991,28.87,-82.639084,40.6843411,404.588,20.689428,-78.81,-0.918
24.6310000000003,-0.09,0.955,29.25,-82.639084,40.6843411,404.588,20.689428,-78.81,-0.907
24.741,-0.084,1.024,30,-82.6390821,40.6843069,404.479,20.250347,-83.71311,-0.913
24.8400000000001,-0.004,0.933,29.33,-82.6390845,40.6842902,404.436,20.03726,-87.331,-0.907
24.9309999999996,0.034,0.982,24.58,-82.6390845,40.6842902,404.436,20.03726,-87.331,-0.894
25.04,0.026,0.93,28.43,-82.6390883,40.6842728,404.567,19.89437,-90.49117,-0.927
25.1390000000001,0.244,0.848,26.73,-82.639099,40.6842387,404.893,19.644855,-96.656845,-0.89
25.2399999999998,0.109,0.806,18.47,-82.639107,40.6842214,405.313,19.58034,-99.945045,-0.875
25.3310000000001,0.101,0.819,24.85,-82.639107,40.6842214,405.313,19.58034,-99.945045,-0.885
25.4390000000003,0.206,0.812,25.99,-82.6391141,40.6842046,405.388,19.70848,-102.34531,-0.894
25.5309999999999,0.105,0.848,23.06,-82.6391141,40.6842046,405.388,19.70848,-102.34531,-0.916
25.643,0.143,0.828,26.75,-82.6391414,40.684156,405.6,19.878626,-109.97076,-0.939
25.7309999999998,0.115,0.879,27.94,-82.6391414,40.684156,405.6,19.878626,-109.97076,-0.954
25.8429999999998,0.08,0.915,26.92,-82.6391651,40.684125,405.576,20.154814,-115.54543,-0.968
25.9390000000003,0.014,0.876,27.21,-82.6391778,40.6841101,405.669,19.999313,-117.78528,-0.971
26.0309999999999,-0.06,0.911,30.37,-82.6391778,40.6841101,405.669,19.999313,-117.78528,-0.961
26.1390000000001,-0.096,1.035,31.77,-82.63919,40.6840952,405.62,20.040571,-119.28283,-0.948
26.2309999999998,-0.103,1.136,34.55,-82.63919,40.6840952,405.62,20.040571,-119.28283,-0.955
26.3429999999998,-0.013,0.99,34.79,-82.6392341,40.6840549,405.247,20.234844,-126.30263,-0.964
26.4309999999996,0.059,1.022,30.3,-82.6392341,40.6840549,405.247,20.234844,-126.30263,-0.953
26.5429999999997,0.001,0.891,28.3,-82.639269,40.6840314,404.954,20.261662,-132.07559,-0.934
26.6310000000003,0.02,1.045,29.18,-82.639269,40.6840314,404.954,20.261662,-132.07559,-0.924
26.7439999999997,-0.002,0.925,28.1,-82.6393059,40.6840132,404.3,20.044952,-138.54225,-0.921
26.8299999999999,0.029,0.992,28.34,-82.6393059,40.6840132,404.3,20.044952,-138.54225,-0.897
26.9430000000002,0.004,0.964,29.45,-82.6393466,40.6839978,403.689,20.129416,-144.896,-0.888
27.0299999999997,0.054,0.96,30,-82.6393466,40.6839978,403.689,20.129416,-144.896,-0.887
27.143,0.074,0.977,28.32,-82.6393887,40.6839836,403.3,20.204853,-149.53734,-0.884
27.2299999999996,0.067,0.915,27.58,-82.6393887,40.6839836,403.3,20.204853,-149.53734,-0.878
27.3419999999996,0.059,0.985,28.9,-82.6394354,40.6839685,403.913,20.201967,-153.81563,-0.896
27.4300000000003,0.052,0.983,28.7,-82.6394354,40.6839685,403.913,20.201967,-153.81563,-0.934
27.5419999999995,0.153,0.929,26.92,-82.6394825,40.6839553,404.256,20.28933,-157.10193,-0.945
27.6300000000001,0.157,1.001,26.65,-82.6394825,40.6839553,404.256,20.28933,-157.10193,-0.936
27.7380000000003,0.142,1.015,27.91,-82.6395283,40.6839456,404.306,20.076683,-160.37306,-0.923
27.8379999999997,0.083,0.872,27.68,-82.6395515,40.683942,404.242,20.053198,-162.07127,-0.903
27.9380000000001,0.111,1.083,27.66,-82.6395754,40.6839395,404.111,20.189835,-163.8011,-0.91
28.0299999999997,0.062,1.278,31.65,-82.6395754,40.6839395,404.111,20.189835,-163.8011,-0.941
28.1379999999999,0.142,1.19,32.42,-82.6396242,40.6839382,403.544,20.432192,-167.99144,-1.019
28.2380000000003,0.141,1.043,25.59,-82.6396489,40.6839393,403.146,20.573462,-170.20338,-1.046
28.3379999999997,0.083,1.12,26.64,-82.6396733,40.6839419,402.816,20.448463,-173.1461,-1.055
28.4300000000003,0.147,1.05,26.84,-82.6396733,40.6839419,402.816,20.448463,-173.1461,-1.05
28.5379999999996,0.131,1.109,25.18,-82.6397243,40.6839512,402.276,20.521727,-179.58118,-1.023
28.6369999999997,0.228,0.637,23.89,-82.6397515,40.6839627,401.597,21.050539,175.3132,-1
28.7380000000003,0.17,1.321,24.66,-82.6397777,40.6839747,401.053,21.414654,170.64764,-0.981
28.8289999999997,0.136,0.989,27.86,-82.6397777,40.6839747,401.053,21.414654,170.64764,-0.976
28.9380000000001,0.187,1.548,27.45,-82.6398289,40.6839986,400.181,21.8879,163.08011,-1.032
29.0379999999996,0.296,1.17,26.23,-82.6398502,40.6840185,398.904,22.09051,156.8593,-1.043
29.1379999999999,0.251,1.089,24.29,-82.6398768,40.6840295,399.871,22.321392,153.0676,-1.067
29.2290000000003,0.175,1.184,27.13,-82.6398768,40.6840295,399.871,22.321392,153.0676,-1.069
29.3379999999997,0.221,0.863,27.52,-82.6399019,40.6840421,400.259,22.684807,150.12354,-1.027
29.4380000000001,0.237,1.14,26.88,-82.6399481,40.6840702,400.262,23.11137,145.07906,-0.971
29.5289999999995,0.193,1.297,26.08,-82.6399481,40.6840702,400.262,23.11137,145.07906,-0.951
29.674,0.278,0.992,22.97,-82.6399909,40.6841019,400.046,23.460117,139.61592,-0.939
29.7569999999996,0.158,0.563,21.07,-82.6399909,40.6841019,400.046,23.460117,139.61592,-0.92
29.857,0.246,1.232,21.24,-82.6400111,40.684119,399.74,23.703827,137.5133,-0.897
29.9569999999994,0.239,1.097,20.65,-82.6400488,40.6841549,398.799,23.995466,134.17262,-0.92
30.0569999999998,0.215,0.891,20.7,-82.6400661,40.6841742,398.324,24.137245,131.80899,-0.944
30.1570000000002,0.121,1.416,23.09,-82.6400661,40.6841742,398.324,24.137245,131.80899,-0.984
30.2569999999996,0.355,1.144,25.51,-82.6400841,40.6841932,398.114,24.383232,130.20876,-1.044
30.357,0.251,0.856,20.37,-82.6401176,40.6842348,397.538,24.950378,126.24519,-1.045
30.4569999999994,0.284,0.806,25.38,-82.6401329,40.6842576,397.259,25.455769,123.802444,-1.036
30.5569999999998,0.32,1.315,23.1,-82.6401329,40.6842576,397.259,25.455769,123.802444,-1.021
30.6570000000002,0.314,1.002,21.94,-82.6401475,40.6842807,397.009,25.895529,121.73797,-1.014
30.7569999999996,0.439,0.933,21.51,-82.6401736,40.6843281,396.742,26.693825,117.611565,-1.007
30.857,0.389,0.918,15.68,-82.640185,40.6843529,396.541,27.056541,115.48519,-0.994
30.9569999999994,0.435,0.775,13.5,-82.640185,40.6843529,396.541,27.056541,115.48519,-0.979
31.0569999999998,0.428,0.779,11.31,-82.6402057,40.6844047,396.146,27.987007,111.64171,-0.984
31.1570000000002,0.41,0.801,10.37,-82.6402057,40.6844047,396.146,27.987007,111.64171,-0.971
31.2569999999996,0.406,0.53,11.08,-82.6402148,40.6844312,395.952,28.388147,109.83306,-0.947
31.357,0.39,0.818,12.59,-82.6402308,40.6844855,395.485,29.190342,106.72744,-0.951
31.4569999999994,0.347,0.654,10.39,-82.6402377,40.6845133,395.152,29.519232,105.42539,-0.974
31.5569999999998,0.334,0.602,10.78,-82.6402377,40.6845133,395.152,29.519232,105.42539,-0.973
31.6570000000002,0.38,0.532,10.88,-82.640244,40.6845412,394.821,29.814587,104.176094,-0.982
31.7569999999996,0.363,0.575,9.62,-82.6402549,40.684599,394.288,30.669317,101.647095,-0.981
31.857,0.322,0.462,6.58,-82.6402595,40.6846284,394.123,31.107265,100.48611,-0.979
31.9560000000001,0.319,0.315,6.12,-82.6402595,40.6846284,394.123,31.107265,100.48611,-0.958
32.0559999999996,0.388,0.398,6.23,-82.6402633,40.684658,394.051,31.536018,99.23526,-0.955
32.1570000000002,0.395,0.415,5.94,-82.6402633,40.684658,394.051,31.536018,99.23526,-0.969
32.2560000000003,0.387,0.322,3.81,-82.6402698,40.6847499,393.761,32.975994,95.639694,-1.003
32.3559999999998,0.364,0.194,1.65,-82.6402715,40.6847813,393.695,33.409332,94.72233,-1.019
32.4569999999994,0.348,0.295,2.52,-82.6402727,40.6848129,393.562,33.760952,93.821976,-1.026
32.5559999999996,0.341,0.215,2.22,-82.6402727,40.6848129,393.562,33.760952,93.821976,-1.042
32.6559999999999,0.274,0.107,0.95,-82.6402744,40.6848448,393.418,34.083977,93.3477,-1.031
32.7569999999996,-0.056,-0.05,0.58,-82.6402774,40.6849092,393.248,34.718216,92.49314,-1
32.8559999999998,-0.087,0.104,1.59,-82.6402786,40.6849418,393.163,35.019653,92.144104,-0.995
32.9560000000001,0.399,-0.076,0.11,-82.6402786,40.6849418,393.163,35.019653,92.144104,-0.962
33.0569999999998,0.61,0.046,-1.46,-82.640281,40.6850065,393.076,35.300663,91.737175,-0.976
33.1559999999999,0.242,-0.078,-1.88,-82.6402817,40.6850388,393.152,35.515728,91.48451,-0.944
33.2560000000003,0.315,-0.007,-0.59,-82.6402817,40.6850388,393.152,35.515728,91.48451,-0.92
33.3559999999998,0.297,-0.057,0.08,-82.6402832,40.6851052,393.182,36.140697,91.157486,-0.905
33.4560000000001,0.314,0.034,-0.13,-82.6402846,40.6851391,393.084,36.40116,91.1807,-0.881
33.5559999999996,0.222,-0.048,-0.42,-82.6402846,40.6851391,393.084,36.40116,91.1807,-0.856
33.6559999999999,0.277,-0.053,-0.32,-82.6402856,40.6851732,392.912,36.64178,91.20424,-0.845
33.7560000000003,0.265,0.017,-0.79,-82.6402875,40.685242,392.578,37.202698,91.2015,-0.879
33.8559999999998,0.331,-0.049,-0.82,-82.6402887,40.6852766,392.404,37.37518,91.34932,-0.919
33.9560000000001,0.306,-0.056,-0.8,-82.6402887,40.6852766,392.404,37.37518,91.34932,-0.941
34.0559999999996,0.308,0.071,-0.38,-82.6402897,40.6853117,392.234,37.635796,91.355225,-0.975
34.1559999999999,0.314,-0.089,-0.32,-82.6402918,40.6853823,391.843,38.097363,91.38397,-0.992
34.2560000000003,0.288,-0.018,0.16,-82.6402918,40.6853823,391.843,38.097363,91.38397,-0.986
34.3559999999998,0.311,0.075,0.65,-82.6402944,40.6854541,391.488,38.678944,91.40765,-0.978
34.4560000000001,0.297,0.083,0.8,-82.6402944,40.6854541,391.488,38.678944,91.40765,-0.978
34.5559999999996,0.294,0.166,0.67,-82.6402969,40.6855272,391.091,39.30057,91.42918,-0.982
34.6559999999999,0.287,0.1,0.8,-82.6402981,40.6855642,390.886,39.611534,91.446915,-1.001
34.7560000000003,0.341,0.055,0.56,-82.6402981,40.6855642,390.886,39.611534,91.446915,-1.009
34.8559999999998,0.291,0.053,0.88,-82.6403,40.6856018,390.755,39.982265,91.46219,-1
34.9560000000001,0.285,0.07,0.7,-82.6403,40.6856018,390.755,39.982265,91.46219,-0.996
35.0559999999996,0.298,0.124,0.55,-82.6403036,40.6857149,390.266,40.880486,91.27583,-1.014
35.1559999999999,0.257,0.108,0.22,-82.6403036,40.6857149,390.266,40.880486,91.27583,-1.025
35.2560000000003,0.233,-0.029,0.1,-82.640305,40.6857915,389.867,41.37764,90.997314,-1.015
35.3559999999998,0.247,-0.025,0.27,-82.640305,40.6857915,389.867,41.37764,90.997314,-1.016
35.4560000000001,0.239,0.032,0.43,-82.640306,40.6858693,389.449,42.03622,90.74989,-1.05
35.5559999999996,0.273,0.039,0.16,-82.640306,40.6858693,389.449,42.03622,90.74989,-1.107
35.6559999999999,0.259,0.071,0.16,-82.6403069,40.6859477,389.131,42.50475,90.48543,-1.149
35.7560000000003,0.264,0.011,-0.1,-82.6403069,40.6859477,389.131,42.50475,90.48543,-1.164
35.8559999999998,0.262,0.059,-0.25,-82.6403086,40.686027,388.941,42.9139,90.40066,-1.167
35.9560000000001,0.246,0.093,-0.04,-82.6403086,40.686027,388.941,42.9139,90.40066,-1.139
36.0559999999996,0.211,-0.004,0.32,-82.6403086,40.686027,388.941,42.9139,90.40066,-1.115
36.1559999999999,0.25,0.053,1,-82.640312,40.6861491,388.797,43.871693,90.20901,-1.117
36.2560000000003,0.268,-0.024,0.73,-82.640312,40.6861491,388.797,43.871693,90.20901,-1.056
36.3559999999998,0.275,0.088,-0.02,-82.6403134,40.6862305,388.661,44.341217,90.1551,-1.044
36.4560000000001,0.226,0.053,0.73,-82.6403146,40.6862725,388.575,44.73128,90.2178,-0.964
36.5559999999996,0.285,-0.016,0.9,-82.6403158,40.6863144,388.529,45.11093,90.20327,-0.913
36.6559999999999,0.211,0.194,1.36,-82.6403158,40.6863144,388.529,45.11093,90.20327,-0.914
36.7560000000003,0.244,0.006,0.45,-82.6403174,40.6863567,388.488,45.441628,90.39096,-0.93
36.8559999999998,0.219,0.223,1.1,-82.6403189,40.6864409,388.301,46.021626,90.37357,-0.966
36.9560000000001,0.034,0.056,0.32,-82.6403201,40.6864839,388.237,46.341152,90.3339,-1.039
37.0559999999996,-0.11,0.181,1.07,-82.6403201,40.6864839,388.237,46.341152,90.3339,-1.113
37.1559999999999,0.147,-0.132,0.36,-82.6403213,40.6865271,388.147,46.561413,90.39387,-1.11
37.2560000000003,0.382,0.095,0.26,-82.6403239,40.6866133,388.115,46.81027,90.37951,-1.089
37.3559999999998,0.169,0.098,-1.31,-82.6403249,40.6866565,388.104,47.01928,90.30469,-1.083
37.4560000000001,0.255,-0.05,0.31,-82.6403249,40.6866565,388.104,47.01928,90.30469,-1.023
37.5559999999996,0.248,0.028,1.06,-82.6403251,40.6866993,387.972,47.189686,90.315735,-0.909
37.6559999999999,0.222,0.117,1.24,-82.6403253,40.6867864,387.68,47.66001,90.21644,-0.867
37.7560000000003,0.242,0.052,1.22,-82.6403261,40.686831,387.576,47.990265,90.25077,-0.827
37.8559999999998,0.197,0.172,0.86,-82.6403261,40.686831,387.576,47.990265,90.25077,-0.784
37.9560000000001,0.103,0.029,0.68,-82.640327,40.6868754,387.447,48.26109,90.35623,-0.787
38.0559999999996,0.193,0.101,1.14,-82.640328,40.6869644,387.181,48.79199,90.42284,-0.838
38.1559999999999,0.259,0.118,1.08,-82.6403292,40.68701,387.079,49.132217,90.46657,-0.87
38.2560000000003,0.2,0.034,0.77,-82.6403292,40.68701,387.079,49.132217,90.46657,-0.875
38.3559999999998,0.23,0.104,1.62,-82.6403309,40.6871016,387.011,49.760334,90.253365,-0.928
38.4560000000001,0.181,0.135,1.27,-82.6403309,40.6871016,387.011,49.760334,90.253365,-1
38.5559999999996,0.158,0.231,1.21,-82.6403311,40.6871473,386.855,49.930157,90.137726,-1.063
38.6549999999997,0.149,0.135,1.53,-82.6403296,40.6872385,386.495,50.230885,89.79463,-1.083
38.7560000000003,0.197,0.069,2.22,-82.6403292,40.6872847,386.34,50.461338,89.71608,-1.028
38.8559999999998,0.221,0.141,2.68,-82.6403292,40.6872847,386.34,50.461338,89.71608,-0.93
38.9560000000001,0.193,0.106,2.8,-82.6403294,40.6873315,386.193,50.741432,89.68376,-0.845
39.0559999999996,0.211,0.137,3.12,-82.6403299,40.687426,385.96,51.341618,89.66514,-0.807
39.1559999999999,0.164,0.222,2.92,-82.6403291,40.6874732,385.818,51.582684,89.52227,-0.78
39.2560000000003,0.176,0.231,3.23,-82.6403291,40.6874732,385.818,51.582684,89.52227,-0.778
39.3559999999998,0.194,0.205,3.13,-82.640328,40.6875203,385.655,51.784195,89.36918,-0.813
39.4549999999999,0.184,0.302,2.98,-82.6403246,40.6876156,385.285,52.320194,88.959366,-0.859
39.5550000000003,0.134,0.368,4.03,-82.6403224,40.6876636,385.114,52.565884,88.66981,-0.909
39.6959999999999,0.135,0.371,5.3,-82.6403224,40.6876636,385.114,52.565884,88.66981,-0.979
39.7780000000002,0.187,0.387,3.8,-82.6403172,40.6877594,384.731,52.886116,88.2876,-1.035
39.8779999999997,0.186,0.255,2.2,-82.6403172,40.6877594,384.731,52.886116,88.2876,-0.98
39.9780000000001,0.193,0.228,4.63,-82.6403144,40.6878075,384.558,52.985146,87.987785,-0.895
40.0779999999995,0.18,0.421,5.57,-82.6403091,40.6879049,384.211,53.40374,87.75657,-0.854
40.1779999999999,0.136,0.37,5.41,-82.6403062,40.6879536,384.016,53.5672,87.67774,-0.84
40.2780000000002,0.167,0.452,4.59,-82.6403062,40.6879536,384.016,53.5672,87.67774,-0.849
40.3779999999997,0.138,0.492,5.88,-82.640303,40.6880027,383.794,53.82193,87.571495,-0.887
40.4780000000001,0.104,0.51,4.93,-82.640294,40.6881014,383.311,54.355762,87.067566,-0.958
40.5779999999995,0.163,0.517,3.23,-82.640289,40.6881508,383.114,54.533566,86.729805,-1.033
40.6779999999999,0.139,0.547,2.67,-82.640289,40.6881508,383.114,54.533566,86.729805,-1.073
40.7780000000002,0.077,0.484,4.94,-82.6402772,40.688251,382.705,55.02832,85.8617,-1.086
40.8779999999997,0.15,0.435,5.99,-82.6402772,40.688251,382.705,55.02832,85.8617,-1.071
40.9780000000001,0.141,0.469,5.92,-82.6402624,40.6883505,382.274,55.3714,85.05671,-1.044
41.0779999999995,0.106,0.557,6.66,-82.640254,40.6884003,382.056,55.53785,84.64674,-1.034
41.1779999999999,0.209,0.539,5.51,-82.640254,40.6884003,382.056,55.53785,84.64674,-1.021
41.2780000000002,0.145,0.458,3.73,-82.6402452,40.6884504,381.827,55.74817,84.23314,-0.958
41.3779999999997,0.158,0.516,5.15,-82.6402253,40.6885509,381.351,56.133278,83.35876,-0.917
41.4780000000001,0.173,0.486,4.69,-82.6402145,40.6886016,381.146,56.412067,82.96193,-0.918
41.5779999999995,0.003,0.628,6.1,-82.6402145,40.6886016,381.146,56.412067,82.96193,-0.949
41.6779999999999,-0.127,0.55,6.17,-82.6402032,40.688652,380.976,56.622604,82.5699,-0.996
41.7780000000002,-0.149,0.471,6.59,-82.6401795,40.6887532,380.721,56.971554,81.711975,-1.04
41.8779999999997,0.322,0.699,5.19,-82.6401659,40.6888037,380.605,57.15349,81.17073,-1.106
41.9780000000001,0.249,0.313,0.04,-82.6401659,40.6888037,380.605,57.15349,81.17073,-1.102
42.0779999999995,0.123,0.328,1.59,-82.6401659,40.6888037,380.605,57.15349,81.17073,-1.052
42.1779999999999,0.054,0.188,3.75,-82.6401219,40.6889569,380.547,57.928734,79.47393,-0.958
42.2780000000002,0.155,0.406,5.8,-82.6401051,40.689008,380.537,58.204582,79.04344,-0.943
42.3779999999997,0.212,0.466,5.98,-82.6401051,40.689008,380.537,58.204582,79.04344,-0.975
42.4780000000001,0.099,0.43,3.51,-82.6400883,40.6890588,380.504,58.37764,78.5861,-1.001
42.5779999999995,0.123,0.403,3.46,-82.6400534,40.6891611,380.534,58.763466,77.59601,-0.988
42.6779999999999,0.084,0.411,5.2,-82.6400366,40.6892127,380.607,58.95492,77.248726,-0.987
42.7780000000002,0.107,0.529,4.16,-82.6400366,40.6892127,380.607,58.95492,77.248726,-1.016
42.8779999999997,0.214,0.48,2.4,-82.6400187,40.6892641,380.626,59.172756,76.889244,-1.092
42.9780000000001,0.115,0.352,1.76,-82.6399806,40.6893666,380.586,59.47958,76.02685,-1.139
43.0779999999995,0.093,0.263,2.41,-82.6399806,40.6893666,380.586,59.47958,76.02685,-1.133
43.1779999999999,0.111,0.264,3.67,-82.6399412,40.6894699,380.42,59.839935,75.2925,-1.093
43.2780000000002,0.183,0.226,3.11,-82.6399412,40.6894699,380.42,59.839935,75.2925,-1.072
43.3779999999997,0.158,0.153,2.23,-82.6398999,40.6895733,380.322,60.1992,74.60378,-0.993
43.4780000000001,0.107,0.294,2.68,-82.6398789,40.689625,380.171,60.325146,74.3508,-0.948
43.5779999999995,0.143,0.311,2.94,-82.6398789,40.689625,380.171,60.325146,74.3508,-0.972
43.6779999999999,0.159,0.355,1.47,-82.6398578,40.6896772,380.116,60.553547,74.1066,-1.021
43.7780000000002,0.093,0.193,0.89,-82.6398578,40.6896772,380.116,60.553547,74.1066,-1.043
43.8779999999997,0.122,0.173,1.69,-82.6397925,40.6898335,379.969,60.94355,73.34939,-1.084
43.9780000000001,0.141,0.148,1.38,-82.6397925,40.6898335,379.969,60.94355,73.34939,-1.107
44.0779999999995,0.123,0.177,1.23,-82.6397465,40.6899371,379.963,61.150093,72.71194,-1.11
44.1779999999999,0.099,0.187,1.96,-82.6397465,40.6899371,379.963,61.150093,72.71194,-1.082
44.2780000000002,0.131,0.185,2.26,-82.6397006,40.6900414,380.049,61.264927,72.27492,-1.066
44.3779999999997,0.172,0.232,1.67,-82.6397006,40.6900414,380.049,61.264927,72.27492,-1.077
44.4780000000001,0.151,0.262,0.89,-82.6396536,40.690146,380.164,61.573566,71.89759,-1.102
44.5779999999995,0.113,0.022,0.39,-82.6396536,40.690146,380.164,61.573566,71.89759,-1.084
44.6779999999999,0.132,0.171,0.05,-82.6396034,40.6902496,380.206,61.76858,71.32156,-1.069
44.7780000000002,0.173,0.01,-0.35,-82.6396034,40.6902496,380.206,61.76858,71.32156,-1.035
44.8779999999997,0.177,0.193,0.59,-82.6396034,40.6902496,380.206,61.76858,71.32156,-0.972
44.9780000000001,0.1,0.066,0.76,-82.6395261,40.6904045,380.137,61.989548,70.72609,-0.951
45.0779999999995,0.147,0.014,0.49,-82.6395261,40.6904045,380.137,61.989548,70.72609,-0.963
45.1779999999999,0.119,0.079,-0.52,-82.6394748,40.6905089,380.088,62.229877,70.54004,-0.995
45.2780000000002,-0.071,0.054,-0.59,-82.6394487,40.6905612,380.073,62.334995,70.349884,-1.004
45.3779999999997,-0.228,-0.112,-0.29,-82.6394231,40.6906142,380.037,62.5078,70.26046,-0.987
45.4780000000001,-0.687,-0.002,1.3,-82.6394231,40.6906142,380.037,62.5078,70.26046,-0.986
45.5779999999995,-1.116,0.18,2.67,-82.6393978,40.6906671,379.984,62.54279,70.252495,-0.978
45.6779999999999,-1.305,0.247,3.44,-82.6393471,40.6907712,379.965,62.20635,70.16091,-1.014
45.7780000000002,-1.206,0.172,2.37,-82.639321,40.6908205,379.84,61.470814,70.111664,-1.048
45.8779999999997,-1.227,-0.084,-1.52,-82.639321,40.6908205,379.84,61.470814,70.111664,-1.028
45.9780000000001,-1.287,-0.132,-3.44,-82.639321,40.6908205,379.84,61.470814,70.111664,-0.974
46.0779999999995,-1.296,-0.262,-4.83,-82.6392518,40.6909676,379.599,59.03649,70.4539,-0.934
46.1779999999999,-1.201,-0.167,-4.33,-82.6392298,40.6910146,379.59,58.081062,70.6322,-0.908
46.2780000000002,-1.284,-0.121,-1.98,-82.6392298,40.6910146,379.59,58.081062,70.6322,-0.95
46.3779999999997,-1.256,-0.016,0.26,-82.6392087,40.6910608,379.529,57.04355,70.87256,-0.938
46.4780000000001,-1.126,-0.1,1.52,-82.6391677,40.6911507,379.245,55.063557,71.423546,-0.909
46.5779999999995,-1.123,-0.054,2.41,-82.6391477,40.6911936,379.158,53.944187,71.69605,-0.872
46.6779999999999,-1.188,0.056,2.6,-82.6391477,40.6911936,379.158,53.944187,71.69605,-0.907
46.7780000000002,-1.22,-0.006,2.28,-82.6391282,40.6912358,379.001,52.917915,71.95542,-0.902
46.8779999999997,-1.18,-0.013,1.69,-82.6390868,40.6913153,378.244,50.754543,72.09704,-0.911
46.9780000000001,-1.147,0.056,0.7,-82.6390672,40.6913533,377.86,49.526436,72.209045,-0.928
47.0779999999995,-1.161,0.012,-0.25,-82.6390672,40.6913533,377.86,49.526436,72.209045,-0.938
47.1779999999999,-1.134,0.023,-1.54,-82.6390294,40.6914279,377.133,47.375957,72.3263,-0.948
47.2780000000002,-1.107,0,-1.28,-82.6390294,40.6914279,377.133,47.375957,72.3263,-0.936
47.3769999999995,-1.15,-0.055,-1.92,-82.6390102,40.6914632,376.668,46.334057,72.343445,-0.959
47.4780000000001,-1.02,0.026,-2.05,-82.6389745,40.6915323,375.798,44.274513,72.5394,-0.983
47.5779999999995,-0.993,-0.115,-0.88,-82.6389588,40.691566,375.401,43.213837,72.77732,-0.997
47.6779999999999,-0.904,-0.082,0.19,-82.6389588,40.691566,375.401,43.213837,72.77732,-1.021
47.777,-0.891,0.024,0.38,-82.6389588,40.691566,375.401,43.213837,72.77732,-1.011
47.8779999999997,-0.813,0.031,0.2,-82.6389105,40.6916613,373.941,40.262363,72.94752,-0.992
47.9769999999999,-0.731,0.125,0.78,-82.6388944,40.6916913,373.416,39.39896,72.98714,-1
48.0770000000002,-0.607,0.018,1.07,-82.6388944,40.6916913,373.416,39.39896,72.98714,-1
48.1779999999999,-0.568,0.038,1.09,-82.6388786,40.6917199,372.848,38.36125,72.96431,-0.978
48.2780000000002,-0.606,0.001,1.15,-82.6388482,40.6917758,372.383,36.60925,72.84314,-0.955
48.3769999999995,-0.472,0.198,2.19,-82.6388334,40.6918031,372.175,35.86567,72.74327,-0.967
48.4780000000001,-0.404,0.144,2.63,-82.6388334,40.6918031,372.175,35.86567,72.74327,-0.973
48.5770000000002,-0.407,0.226,3.93,-82.6388037,40.691856,371.797,34.513424,72.426895,-0.996
48.6769999999997,-0.37,0.205,5.01,-82.6388037,40.691856,371.797,34.513424,72.426895,-1.011
48.7780000000002,-0.39,0.293,6.83,-82.6387902,40.6918827,371.7,33.95605,72.32353,-1.006
48.8769999999995,-0.342,0.412,9.02,-82.6387608,40.6919348,370.964,33.12837,71.71836,-0.974
48.9769999999999,-0.31,0.426,11.51,-82.6387446,40.6919594,370.392,32.66749,71.22629,-0.95
49.0779999999995,-0.251,0.612,13.01,-82.6387446,40.6919594,370.392,32.66749,71.22629,-0.935
49.1769999999997,-0.277,0.648,13.84,-82.6387297,40.6919843,370.127,32.221798,70.8049,-0.941
49.277,-0.253,0.61,13.04,-82.6387003,40.6920335,370.042,31.521181,69.936035,-0.927
49.3779999999997,-0.302,0.57,12.58,-82.6386845,40.6920578,370.095,31.306526,69.30455,-0.932
49.4769999999999,-0.194,0.776,12.13,-82.6386845,40.6920578,370.095,31.306526,69.30455,-0.973
49.5770000000002,-0.325,0.717,10.81,-82.6386845,40.6920578,370.095,31.306526,69.30455,-0.982
49.7110000000002,-0.295,0.621,14.83,-82.6386339,40.6921258,369.871,30.27997,67.05515,-0.969
49.7939999999999,-0.243,0.715,14.46,-82.6386339,40.6921258,369.871,30.27997,67.05515,-0.979
49.8940000000002,-0.271,0.812,14.9,-82.6385981,40.6921695,369.606,29.741993,65.26392,-0.993
49.9939999999997,-0.252,0.662,16.84,-82.6385789,40.6921907,369.437,29.509686,64.13046,-0.994
50.0940000000001,-0.273,0.724,16.76,-82.6385789,40.6921907,369.437,29.509686,64.13046,-0.992
50.1930000000002,-0.29,0.881,19.64,-82.6385363,40.6922287,369.284,28.78214,61.402264,-1.006
50.2929999999997,-0.256,0.917,20.49,-82.6385145,40.6922475,369.1,28.588953,60.085876,-0.992
50.393,-0.286,0.977,22.36,-82.6384918,40.6922655,368.744,28.29811,58.824158,-0.976
50.4929999999995,-0.153,0.921,24.14,-82.6384918,40.6922655,368.744,28.29811,58.824158,-0.974
50.5929999999998,-0.092,1.019,22.73,-82.6384434,40.6922983,368.008,27.630684,55.543884,-0.988
50.6930000000002,-0.103,0.911,22.05,-82.6384176,40.6923137,367.623,27.380962,53.687572,-0.99
50.7929999999997,-0.124,0.917,23.1,-82.6384176,40.6923137,367.623,27.380962,53.687572,-0.989
50.893,-0.081,1.095,24.43,-82.638364,40.6923412,366.894,26.84504,49.93438,-0.982
50.9929999999995,-0.1,1.122,26.57,-82.638364,40.6923412,366.894,26.84504,49.93438,-1.009
51.0929999999998,-0.148,0.917,28.18,-82.6383082,40.6923643,366.293,26.10915,45.979446,-1.032
51.1930000000002,-0.118,1.054,27.79,-82.6383082,40.6923643,366.293,26.10915,45.979446,-1.032
51.2929999999997,-0.071,1.151,25.86,-82.6382787,40.692374,365.932,25.741117,43.517456,-0.998
51.393,-0.1,1.251,26.55,-82.638217,40.6923909,365.241,25.301832,38.245167,-0.978
51.4929999999995,-0.073,0.89,26.21,-82.6381861,40.6923977,364.935,25.02843,35.548347,-0.954
51.5929999999998,-0.07,1.097,26.69,-82.6381861,40.6923977,364.935,25.02843,35.548347,-0.999
51.6930000000002,-0.043,1.165,26.03,-82.6381413,40.6923953,364.474,25.441875,30.150827,-1.032
51.7929999999997,-0.041,0.941,25.55,-82.6380667,40.6923972,363.913,25.729614,22.709143,-0.999
51.8919999999998,0.012,1.153,25.87,-82.6380667,40.6923972,363.913,25.729614,22.709143,-0.969
51.9920000000002,0.027,1.211,24.04,-82.6380008,40.6924002,363.64,25.493881,16.796337,-0.95
52.0919999999996,0.185,1.023,22.65,-82.6380008,40.6924002,363.64,25.493881,16.796337,-0.947
52.192,0.262,1.14,21.69,-82.6379374,40.6924005,363.175,25.270744,11.207419,-0.964
52.2919999999995,0.222,1.008,20.43,-82.6379058,40.6924001,362.849,25.302206,8.566683,-0.998
52.3919999999998,0.308,1.06,18.71,-82.6379058,40.6924001,362.849,25.302206,8.566683,-1.021
52.4920000000002,0.274,0.845,18.32,-82.637874,40.6923989,362.524,25.431503,6.0184627,-1.035
52.5919999999996,0.245,0.934,20.57,-82.637874,40.6923989,362.524,25.431503,6.0184627,-1.027
52.692,0.266,0.912,21.16,-82.637779,40.6923922,361.659,26.014738,-0.883102,-1.021
52.7919999999995,0.27,0.926,21.47,-82.637779,40.6923922,361.659,26.014738,-0.883102,-1.011
52.8919999999998,0.285,1.007,21.81,-82.6377151,40.6923832,361.218,26.467577,-5.410505,-1.004
52.9920000000002,0.298,1.026,20.14,-82.6377151,40.6923832,361.218,26.467577,-5.410505,-1.021
53.0919999999996,0.312,0.966,18.42,-82.6376513,40.6923711,361.009,26.90379,-9.627216,-1.039
53.192,0.289,0.941,15.82,-82.6376513,40.6923711,361.009,26.90379,-9.627216,-1.033
53.2919999999995,0.301,0.8,14.86,-82.6375872,40.6923559,361.518,27.51642,-13.343225,-1.023
53.3919999999998,0.304,0.839,14.34,-82.6375872,40.6923559,361.518,27.51642,-13.343225,-1.009
53.4920000000002,0.272,0.781,12.55,-82.6375231,40.6923379,361.557,27.975285,-17.02733,-1.017
53.5919999999996,0.299,0.656,11.86,-82.6375231,40.6923379,361.557,27.975285,-17.02733,-1.039
53.692,0.271,0.582,8.35,-82.6374596,40.6923175,361.447,28.481623,-20.282557,-1.046
53.7910000000002,0.211,0.427,6.05,-82.6374596,40.6923175,361.447,28.481623,-20.282557,-1.061
53.8909999999996,0.061,0.293,3.33,-82.6374596,40.6923175,361.447,28.481623,-20.282557,-1.064
53.991,-0.125,0.09,-0.41,-82.6373641,40.6922822,361.717,29.40407,-24.348705,-1.083
54.0909999999994,-0.269,-0.114,-3.12,-82.6373325,40.6922699,361.716,29.628689,-25.38761,-1.103
54.1909999999998,-0.443,-0.151,-4.05,-82.6373007,40.6922578,361.907,29.836573,-25.92034,-1.113
54.2910000000002,-0.641,-0.234,-4.73,-82.6373007,40.6922578,361.907,29.836573,-25.92034,-1.116
54.3909999999996,-0.737,-0.386,-7.19,-82.6372695,40.6922457,362.41,29.835619,-26.19546,-1.103
54.491,-0.783,-0.377,-9.71,-82.6372078,40.6922226,363.153,29.503294,-26.22613,-1.119
54.5909999999994,-0.753,-0.524,-12.24,-82.6371779,40.6922117,363.52,29.076468,-26.08892,-1.123
54.6909999999998,-0.733,-0.626,-14.5,-82.6371779,40.6922117,363.52,29.076468,-26.08892,-1.146
54.7910000000002,-0.636,-0.713,-17.14,-82.6371486,40.6922018,363.916,28.634499,-25.56232,-1.163
54.8909999999996,-0.55,-0.761,-16.51,-82.637091,40.6921838,364.536,27.499937,-24.019625,-1.169
54.991,-0.431,-0.864,-17.03,-82.6370625,40.6921763,364.934,27.011032,-22.490927,-1.156
55.0909999999994,-0.433,-0.774,-19.95,-82.6370625,40.6921763,364.934,27.011032,-22.490927,-1.131
55.1909999999998,-0.417,-0.965,-24.35,-82.6370343,40.6921691,365.217,26.449375,-21.403078,-1.106
55.2910000000002,-0.331,-1.177,-25.91,-82.6369788,40.6921579,365.777,25.505095,-17.880764,-1.077
55.3909999999996,-0.325,-0.925,-26.05,-82.6369517,40.6921533,366.249,25.014133,-16.109016,-1.08
55.491,-0.242,-1.003,-27.88,-82.6369517,40.6921533,366.249,25.014133,-16.109016,-1.094
55.5909999999994,-0.138,-1.223,-29.06,-82.6369251,40.6921498,366.758,24.58203,-13.911871,-1.096
55.6909999999998,-0.065,-1.173,-30.23,-82.6368719,40.6921452,367.831,23.895393,-9.466265,-1.104
55.7910000000002,0.006,-1.301,-30.73,-82.6368459,40.6921453,368.304,23.497784,-6.426358,-1.103
55.8909999999996,-0.061,-1.146,-29.55,-82.6368459,40.6921453,368.304,23.497784,-6.426358,-1.087
55.991,0.045,-1.136,-29.73,-82.6367942,40.6921483,369.146,22.952042,-0.47433326,-1.07
56.0909999999994,-0.02,-1.171,-31.15,-82.6367942,40.6921483,369.146,22.952042,-0.47433326,-1.044
56.1909999999998,0.054,-1.134,-31.68,-82.6367683,40.6921515,369.482,22.878084,2.7310762,-1.029
56.2910000000002,0.019,-1.123,-31.54,-82.6367181,40.6921604,369.976,22.584501,8.377699,-1.069
56.3909999999996,0.097,-1.089,-31.26,-82.6366936,40.6921665,369.772,22.239971,10.703544,-1.1
56.491,0.137,-1.174,-29.59,-82.6366936,40.6921665,369.772,22.239971,10.703544,-1.122
56.5900000000001,0.234,-1.276,-29.18,-82.6366702,40.692174,369.62,21.877117,13.940952,-1.112
56.6899999999996,0.112,-1.267,-29.01,-82.6366238,40.6921919,369.406,21.790512,20.414467,-1.1
56.79,0.178,-0.806,-28,-82.6366008,40.6922023,369.281,21.992428,23.674135,-1.1
56.8899999999994,0.106,-0.858,-27.42,-82.6366008,40.6922023,369.281,21.992428,23.674135,-1.091
56.9899999999998,0.189,-0.814,-29.29,-82.6365785,40.6922129,369.346,22.062954,26.576668,-1.05
57.0900000000001,0.173,-0.903,-28.41,-82.6365368,40.6922364,369.762,22.176487,32.457317,-1.002
57.1899999999996,0.12,-0.915,-28.28,-82.6365163,40.6922492,370.067,22.391724,34.996212,-0.951
57.29,0.196,-0.865,-28.29,-82.6365163,40.6922492,370.067,22.391724,34.996212,-0.889
57.3899999999994,0.186,-0.882,-23.86,-82.6364766,40.6922766,370.105,22.46507,39.345043,-0.799
57.4889999999996,0.099,-0.884,-25.59,-82.6364766,40.6922766,370.105,22.46507,39.345043,-0.74
57.5889999999999,0.063,-0.987,-26.97,-82.6364574,40.6922911,370.152,22.586159,41.319588,-0.739
57.6890000000003,0.192,-0.763,-26.2,-82.636421,40.6923217,370.04,22.680622,44.982132,-0.746
57.7889999999998,0.116,-0.875,-24.1,-82.6364028,40.6923378,369.885,22.806456,46.350395,-0.713
57.8890000000001,0.069,-0.991,-25.92,-82.6364028,40.6923378,369.885,22.806456,46.350395,-0.687
57.9889999999996,0.151,-0.843,-27.45,-82.6363854,40.6923538,369.709,22.750355,47.494194,-0.728
58.0889999999999,0.223,-0.83,-24.8,-82.6363516,40.6923874,369.305,22.8384,49.86677,-0.772
58.1890000000003,0.134,-0.904,-20.75,-82.6363351,40.6924049,369.021,22.954443,50.88798,-0.809
58.2889999999998,0.201,-0.97,-20.74,-82.6363351,40.6924049,369.021,22.954443,50.88798,-0.839
58.3890000000001,0.173,-1.064,-22.54,-82.6363205,40.692423,368.804,22.910444,52.39481,-0.899
58.4889999999996,0.23,-0.955,-23.16,-82.6363205,40.692423,368.804,22.910444,52.39481,-0.963
58.5889999999999,0.224,-1.083,-24,-82.6362832,40.6924801,368.121,22.720154,57.82086,-1.005
58.6890000000003,0.262,-1.159,-25.09,-82.6362733,40.6925005,367.851,22.750702,59.986477,-1.035
58.7889999999998,0.269,-0.948,-23.16,-82.6362662,40.6925227,367.41,22.782013,62.95131,-1.065
58.8890000000001,0.282,-0.89,-21.13,-82.6362662,40.6925227,367.41,22.782013,62.95131,-1.051
58.9889999999996,0.263,-1.069,-21,-82.6362599,40.692545,366.977,22.856644,65.6328,-1.024
59.0889999999999,0.242,-0.998,-19.78,-82.6362506,40.6925922,366.098,23.348383,70.819984,-1.017
59.1890000000003,0.262,-1.013,-19.06,-82.6362468,40.6926164,365.66,23.702827,72.971924,-1.034
59.2879999999996,0.249,-0.992,-18.2,-82.6362468,40.6926164,365.66,23.702827,72.971924,-1.036
59.3879999999999,0.237,-0.784,-17.03,-82.6362439,40.6926404,365.155,23.888636,75.10258,-1.044
59.4880000000003,0.295,-0.724,-15.57,-82.6362417,40.6926903,364.078,24.434984,79.311165,-1.026
59.5879999999997,0.28,-0.636,-12.16,-82.6362417,40.6926903,364.078,24.434984,79.311165,-0.987
59.7249999999995,0.274,-0.663,-10.25,-82.6362422,40.6927412,363.156,25.118643,82.90612,-0.962
59.8069999999998,0.232,-0.617,-9.68,-82.6362422,40.6927412,363.156,25.118643,82.90612,-0.97
59.9070000000002,0.279,-0.528,-8.16,-82.6362443,40.6927677,362.722,25.57705,84.72438,-1.006
60.0069999999996,0.286,-0.358,-4.4,-82.6362513,40.6928209,361.907,26.288868,88.03635,-1.05
60.107,0.16,-0.25,-3.08,-82.6362513,40.6928209,361.907,26.288868,88.03635,-1.082
60.2069999999994,-0.036,-0.109,-1.34,-82.6362633,40.6928744,360.832,26.791586,91.606,-1.126
60.3069999999998,-0.213,-0.01,0.19,-82.6362695,40.692901,360.374,27.031603,93.015015,-1.146
60.4070000000002,-0.433,0.014,1.44,-82.636275,40.6929284,359.945,27.450607,93.91139,-1.147
60.5069999999996,-0.619,0.098,3.25,-82.636275,40.6929284,359.945,27.450607,93.91139,-1.163
60.607,-0.71,0.313,5.74,-82.6362889,40.692983,359.226,28.031565,95.761505,-1.179
60.7069999999994,-0.723,0.361,8.3,-82.6362889,40.692983,359.226,28.031565,95.761505,-1.182
60.8069999999998,-0.685,0.524,11.24,-82.6363045,40.6930365,358.929,28.37101,97.48372,-1.173
60.9070000000002,-0.636,0.634,12.67,-82.6363045,40.6930365,358.929,28.37101,97.48372,-1.18
61.0069999999996,-0.561,0.769,13.96,-82.6363171,40.6930873,358.748,28.373905,98.27879,-1.181
61.107,-0.513,0.83,16.09,-82.6363226,40.6931122,358.68,28.291182,98.40542,-1.173
61.2069999999994,-0.532,0.854,18.03,-82.6363226,40.6931122,358.68,28.291182,98.40542,-1.166
61.3069999999998,-0.461,1.009,20.13,-82.6363274,40.6931363,358.642,28.079765,98.42771,-1.168
61.4070000000002,-0.442,0.947,20.18,-82.6363274,40.6931363,358.642,28.079765,98.42771,-1.16
61.5069999999996,-0.462,0.894,21.92,-82.6363353,40.693207,358.431,27.34788,96.83361,-1.132
61.607,-0.383,1.032,24.45,-82.6363353,40.693207,358.431,27.34788,96.83361,-1.115
61.7069999999994,-0.345,0.989,23.64,-82.6363346,40.693253,358.271,26.881079,94.65731,-1.098
61.8069999999998,-0.282,0.936,22.37,-82.6363346,40.693253,358.271,26.881079,94.65731,-1.069
61.9070000000002,-0.25,0.828,21.13,-82.6363286,40.6932962,358.21,26.21591,91.947784,-1.014
62.0069999999996,-0.085,1.176,23.06,-82.6363286,40.6932962,358.21,26.21591,91.947784,-0.985
62.107,0,0.854,22.89,-82.6363212,40.6933389,358.334,25.698137,89.48665,-0.981
62.2069999999994,0.082,1.037,20.81,-82.6363212,40.6933389,358.334,25.698137,89.48665,-0.984
62.3069999999998,0.129,1.049,20.6,-82.6363064,40.6933827,358.224,25.700985,85.59959,-0.985
62.4070000000002,0.167,0.982,21.62,-82.6363064,40.6933827,358.224,25.700985,85.59959,-0.979
62.5069999999996,0.194,0.861,22.53,-82.6362889,40.6934248,358.142,25.577265,82.08235,-0.956
62.607,0.186,0.925,21.93,-82.6362889,40.6934248,358.142,25.577265,82.08235,-0.938
62.7069999999994,0.117,0.948,22.71,-82.6362702,40.6934669,358.115,25.642897,78.99706,-0.933
62.8069999999998,0.137,0.87,24.79,-82.6362702,40.6934669,358.115,25.642897,78.99706,-0.93
62.9070000000002,0.161,1.033,25.84,-82.6362482,40.6935092,357.967,25.916407,75.94229,-0.923
63.0069999999996,0.184,1.009,25.76,-82.636236,40.6935293,357.936,25.896988,74.53515,-0.938
63.107,0.15,1.019,25.54,-82.6362244,40.6935504,357.96,26.001278,73.406364,-0.971
63.2069999999994,0.079,0.851,22.96,-82.6362244,40.6935504,357.96,26.001278,73.406364,-0.966
63.3069999999998,0.075,1.09,26.12,-82.6361948,40.6935887,357.699,25.83731,70.18943,-0.951
63.4070000000002,0.021,1.124,27.92,-82.6361771,40.6936065,357.612,25.851456,68.11209,-0.955
63.5069999999996,0.087,1.15,26.96,-82.636156,40.6936226,357.816,25.866371,65.32858,-0.979
63.607,0.126,1.162,25.29,-82.636156,40.6936226,357.816,25.866371,65.32858,-0.995
63.7069999999994,0.136,1.088,25.64,-82.6361057,40.6936484,357.596,25.335968,58.815025,-1.018
63.8069999999998,0.1,1.11,26.46,-82.6360784,40.6936589,357.272,24.901152,55.396595,-1.02
63.9070000000002,0.095,1.224,28.35,-82.6360784,40.6936589,357.272,24.901152,55.396595,-1.06
64.0069999999996,0.147,1.189,25.07,-82.6360507,40.6936691,356.934,24.554235,52.06971,-1.077
64.107,0.111,1.029,26.2,-82.6359928,40.6936885,356.473,24.406088,45.432037,-1.047
64.2069999999994,0.237,1.219,25.71,-82.6359647,40.6936983,356.381,24.439013,42.70939,-1.029
64.3069999999998,0.133,0.749,24.51,-82.635936,40.6937066,356.328,24.306648,39.820675,-0.995
64.4070000000002,0.209,0.748,25.62,-82.635936,40.6937066,356.328,24.306648,39.820675,-0.953
64.5069999999996,0.228,1.318,23.4,-82.6358619,40.6937117,356.043,24.897892,29.770596,-0.926
64.607,0.188,0.964,24.1,-82.6358283,40.6937164,356.012,25.251795,26.433008,-0.942
64.7069999999994,0.241,1.099,25.59,-82.6358283,40.6937164,356.012,25.251795,26.433008,-0.968
64.8069999999998,0.32,1.095,25.59,-82.6357649,40.693725,355.824,25.416965,20.783167,-0.982
64.9070000000002,0.198,0.824,21.95,-82.6357649,40.693725,355.824,25.416965,20.783167,-0.968
65.0069999999996,0.203,0.826,21.16,-82.6357326,40.693728,356.075,25.713707,17.81434,-0.948
65.1059999999998,0.282,1.188,22.68,-82.6356706,40.6937298,357.689,25.82455,11.68862,-0.936
65.2060000000001,0.238,0.948,17.57,-82.6356382,40.6937312,357.611,26.144152,9.447905,-0.943
65.3069999999998,0.28,0.859,16.28,-82.6356382,40.6937312,357.611,26.144152,9.447905,-0.952
65.4059999999999,0.286,0.72,11.99,-82.6356055,40.6937326,357.412,26.444859,7.4771967,-0.958
65.5060000000003,0.26,0.54,7.59,-82.6355392,40.6937326,356.997,26.958527,3.382692,-0.97
65.6059999999998,0.282,0.339,5.57,-82.6355059,40.6937311,356.825,27.199434,1.3067411,-0.973
65.7060000000001,0.291,0.052,1.05,-82.6355059,40.6937311,356.825,27.199434,1.3067411,-0.991
65.8069999999998,0.28,-0.219,-4.4,-82.6354721,40.6937294,356.787,27.612103,-0.22835153,-0.993
65.9070000000002,0.279,-0.259,-8.36,-82.6354044,40.6937257,356.713,28.184963,-2.3596988,-1.015
66.0060000000003,0.307,-0.719,-13.27,-82.6353699,40.6937236,356.694,28.588993,-2.9685307,-1.021
66.1059999999998,0.23,-0.855,-16.5,-82.6353699,40.6937236,356.694,28.588993,-2.9685307,-1.021
66.2060000000001,0.16,-0.807,-19.36,-82.6353001,40.6937208,356.706,29.392916,-2.750425,-1.023
66.3059999999996,0.137,-1.124,-20.54,-82.6353001,40.6937208,356.706,29.392916,-2.750425,-0.991
66.4059999999999,0.211,-0.98,-22.06,-82.6352646,40.6937202,356.78,29.777231,-2.0598342,-0.964
66.5060000000003,0.151,-0.969,-21.76,-82.6351933,40.6937215,356.827,30.326353,-0.056691058,-0.959
66.6059999999998,0.178,-1.282,-21.61,-82.6351574,40.6937237,356.881,30.563986,1.3500925,-0.995
66.7060000000001,0.079,-1.015,-23.09,-82.6351574,40.6937237,356.881,30.563986,1.3500925,-0.997
66.8059999999996,0.05,-1.179,-22.45,-82.6351212,40.6937264,356.954,30.88118,2.7845652,-0.995
66.9059999999999,0.108,-1.49,-24.18,-82.6350489,40.6937345,357.117,31.249401,5.7306633,-0.994
67.0060000000003,0.093,-1.049,-23.37,-82.6350131,40.6937397,357.332,31.388617,7.469185,-1.052
67.1059999999998,0.129,-1.353,-25.34,-82.6350131,40.6937397,357.332,31.388617,7.469185,-1.102
67.2060000000001,0.224,-1.171,-24.59,-82.6349776,40.6937467,357.35,31.436684,9.429361,-1.144
67.3059999999996,0.242,-1.695,-24.79,-82.6349776,40.6937467,357.35,31.436684,9.429361,-1.151
67.4059999999999,0.157,-1.167,-23.48,-82.6348738,40.693773,357.826,31.474844,15.4978,-1.167
67.5060000000003,0.305,-1.294,-24.62,-82.63484,40.6937844,357.781,31.474298,17.663528,-1.14
67.6059999999998,0.317,-1.94,-25.98,-82.63484,40.6937844,357.781,31.474298,17.663528,-1.117
67.7060000000001,0.317,-0.946,-17.13,-82.6347737,40.6938108,357.616,31.746368,22.30749,-1.093
67.8059999999996,0.237,-0.945,-11.26,-82.6347737,40.6938108,357.616,31.746368,22.30749,-1.064
67.9059999999999,0.374,-0.548,-9.42,-82.6347104,40.6938411,357.601,31.806793,26.919518,-1.053
68.0060000000003,0.323,-0.736,-6.44,-82.6346794,40.6938567,357.741,31.90146,28.782467,-1
68.1059999999998,0.247,-0.798,-7.28,-82.6346794,40.6938567,357.741,31.90146,28.782467,-0.919
68.2060000000001,0.298,-0.757,-8.85,-82.6346489,40.6938732,357.877,31.976475,30.64724,-0.868
68.3059999999996,0.263,-0.566,-8.7,-82.6345889,40.6939082,358.63,32.58745,34.206974,-0.849
68.4059999999999,0.281,-0.402,-10.38,-82.6345889,40.6939082,358.63,32.58745,34.206974,-0.866
68.5060000000003,0.312,-0.567,-10.6,-82.6345285,40.6939452,359.385,33.158047,36.624516,-0.865
68.6059999999998,0.328,-0.756,-9.8,-82.6345285,40.6939452,359.385,33.158047,36.624516,-0.83
68.7060000000001,0.302,-0.588,-7.27,-82.6345285,40.6939452,359.385,33.158047,36.624516,-0.774
68.8059999999996,0.3,-0.518,-7.68,-82.6344393,40.6940046,360.121,33.785946,39.43857,-0.771
68.9059999999999,0.354,-0.464,-5.43,-82.6344101,40.6940257,360.298,34.051926,40.473522,-0.736
69.0060000000003,0.262,-0.243,-3.29,-82.6344101,40.6940257,360.298,34.051926,40.473522,-0.676
69.1059999999998,0.495,-0.208,-3.42,-82.6343521,40.6940691,360.51,34.43247,42.209873,-0.606
69.2060000000001,0.19,-0.167,-3.13,-82.6343229,40.6940912,360.559,34.627254,42.881504,-0.537
69.3059999999996,0.231,-0.254,-3.79,-82.6343229,40.6940912,360.559,34.627254,42.881504,-0.571
69.4059999999999,0.271,-0.146,0.56,-82.6342939,40.6941137,360.533,34.79868,43.52105,-0.678
69.5060000000003,0.186,0.021,5.91,-82.6342939,40.6941137,360.533,34.79868,43.52105,-0.715
69.6059999999998,0.122,0.255,8,-82.6342063,40.6941821,360.393,35.211063,44.551216,-0.723
69.7399999999998,0.048,0.53,9.38,-82.6342063,40.6941821,360.393,35.211063,44.551216,-0.735
69.8310000000001,0.027,0.662,11.23,-82.6341171,40.694251,360.171,35.57657,44.806393,-0.771
69.9309999999996,0.059,0.616,12.46,-82.6340869,40.6942736,360.116,35.619087,44.67013,-0.805
70.0219999999999,0.014,0.93,14.25,-82.6340869,40.6942736,360.116,35.619087,44.67013,-0.835
70.1220000000003,0.035,1.053,17.07,-82.6340869,40.6942736,360.116,35.619087,44.67013,-0.904
70.2330000000002,0.045,0.946,16.63,-82.6339935,40.6943403,359.986,35.73406,43.63931,-0.961
70.3220000000001,-0.023,0.921,16.17,-82.6339935,40.6943403,359.986,35.73406,43.63931,-0.971
70.4340000000002,0.038,1.276,19.15,-82.6339289,40.6943798,359.875,35.30416,41.819534,-0.975
70.5219999999999,-0.04,1.218,16.94,-82.6339289,40.6943798,359.875,35.30416,41.819534,-0.975
70.6359999999995,-0.001,0.804,17.28,-82.6338588,40.6944158,359.788,35.16449,38.81249,-0.981
70.7309999999998,-0.007,1.285,17.3,-82.6338203,40.6944322,359.746,35.316257,36.769306,-0.994
70.8220000000001,0.002,1.129,18.64,-82.6338203,40.6944322,359.746,35.316257,36.769306,-0.997
70.9340000000002,0.018,1.49,18.1,-82.6337435,40.6944635,359.614,35.404854,33.245712,-1.031
71.0219999999999,0.026,1.339,17.98,-82.6337435,40.6944635,359.614,35.404854,33.245712,-1.119
71.134,0.034,1.421,19.01,-82.6336646,40.6944916,359.581,35.455353,29.724836,-1.212
71.2219999999998,0.039,1.286,16.85,-82.6336646,40.6944916,359.581,35.455353,29.724836,-1.284
71.3339999999998,0.007,1.091,13.93,-82.6335833,40.6945153,359.619,35.47648,25.763308,-1.249
71.4219999999996,-0.177,0.91,17.55,-82.6335833,40.6945153,359.619,35.47648,25.763308,-1.147
71.5289999999995,-0.215,0.979,21.74,-82.6335378,40.6945246,359.387,35.933167,22.740068,-1.072
71.6210000000001,-0.241,0.886,14.74,-82.6335378,40.6945246,359.387,35.933167,22.740068,-1.042
71.7309999999998,-0.408,0.703,8.27,-82.6334097,40.6945514,358.98,36.371,17.538218,-1.042
71.8299999999999,-0.452,0.768,5.27,-82.6333679,40.6945586,358.935,36.27744,15.836921,-1.01
71.9210000000003,-0.572,0.551,3.83,-82.6333679,40.6945586,358.935,36.27744,15.836921,-0.967
72.0289999999995,-0.664,0.452,3.81,-82.6333274,40.6945653,358.854,35.99867,14.445435,-0.937
72.1300000000001,-0.78,0.582,6.1,-82.6332492,40.6945778,358.69,35.05587,12.454349,-0.929
72.2290000000003,-0.75,0.567,9.36,-82.6332111,40.6945835,358.543,34.49253,11.573815,-0.949
72.3209999999999,-0.821,0.548,11.83,-82.6332111,40.6945835,358.543,34.49253,11.573815,-0.977
72.4290000000001,-0.675,0.403,13.03,-82.6331737,40.6945888,358.426,33.859962,10.878496,-0.971
72.5289999999995,-0.507,0.773,12.4,-82.633101,40.6945975,358.192,32.46522,9.03869,-0.971
72.6289999999999,-0.408,0.673,11.08,-82.6330653,40.6946007,358.12,31.86037,7.974954,-0.974
72.7209999999995,-0.358,0.673,10.44,-82.6330653,40.6946007,358.12,31.86037,7.974954,-0.982
72.8279999999995,-0.321,0.574,10.11,-82.6330298,40.6946037,358.019,31.358572,7.034358,-0.968
72.9290000000001,-0.323,0.635,11.3,-82.63296,40.6946074,357.91,30.426615,4.7323623,-0.944
73.0289999999995,-0.377,0.687,13.42,-82.6329255,40.6946085,357.839,30.011404,3.5727613,-0.94
73.1210000000001,-0.368,0.793,16.41,-82.6329255,40.6946085,357.839,30.011404,3.5727613,-0.967
73.2209999999995,-0.323,0.843,17.47,-82.6329255,40.6946085,357.839,30.011404,3.5727613,-0.989
73.3329999999996,-0.391,0.865,17.46,-82.6328248,40.6946091,357.118,28.83712,-0.49682915,-1.012
73.4290000000001,-0.332,0.849,17.53,-82.6327924,40.6946082,356.868,28.36151,-1.818944,-1.008
73.5209999999997,-0.388,0.795,16,-82.6327924,40.6946082,356.868,28.36151,-1.818944,-1.002
73.6329999999998,-0.357,1.112,21.98,-82.6327287,40.6946039,356.495,27.67367,-4.9769173,-1.025
73.7290000000003,-0.344,1.065,19.95,-82.6326978,40.6946007,356.384,27.213846,-6.479744,-1.036
73.8209999999999,-0.438,0.963,21.24,-82.6326978,40.6946007,356.384,27.213846,-6.479744,-1.037
73.9279999999999,-0.358,1.038,23.82,-82.6326675,40.6945969,356.36,26.751652,-8.01799,-1.039
74.0280000000002,-0.333,1.107,20.65,-82.6326088,40.6945864,356.396,25.873766,-11.66618,-1.03
74.1279999999997,-0.362,0.905,20.75,-82.6325806,40.6945803,356.328,25.437927,-13.64823,-0.997
74.2200000000003,-0.24,1.246,23.07,-82.6325806,40.6945803,356.328,25.437927,-13.64823,-0.974
74.3279999999995,-0.111,1.149,28.99,-82.6325531,40.6945733,356.264,25.047415,-15.640482,-0.956
74.4279999999999,-0.103,1.118,27.51,-82.6325004,40.6945577,356.113,24.258816,-19.966955,-0.936
74.5280000000002,-0.078,1.246,29.84,-82.6324755,40.6945483,356.151,23.93395,-22.51301,-0.982
74.6199999999999,0.237,1.107,26.37,-82.6324755,40.6945483,356.151,23.93395,-22.51301,-1.03
74.7280000000001,0.229,0.856,19.28,-82.632451,40.694538,356.224,23.687807,-25.168924,-1.048
74.8279999999995,0.252,1.14,17.2,-82.6324042,40.6945155,356.297,23.375668,-29.735758,-1.052
74.9200000000001,0.178,0.747,17.51,-82.6324042,40.6945155,356.297,23.375668,-29.735758,-1.023
75.0320000000002,0.113,1.121,22.19,-82.6323592,40.6944897,356.408,23.47804,-34.34005,-1.014
75.1279999999997,0.211,0.967,25.21,-82.6323379,40.6944751,356.54,23.544115,-37.074364,-1.016
75.2200000000003,0.192,1.012,21.4,-82.6323379,40.6944751,356.54,23.544115,-37.074364,-1.005
75.3270000000002,0.203,1.024,22.47,-82.632317,40.6944594,356.78,23.734999,-39.5799,-0.987
75.4269999999997,0.161,0.909,22.99,-82.6322768,40.6944271,357.05,23.96391,-43.9178,-0.97
75.527,0.25,0.961,24.13,-82.6322577,40.6944098,357.2,24.13247,-46.007442,-0.939
75.6189999999997,0.176,0.939,24.03,-82.6322577,40.6944098,357.2,24.13247,-46.007442,-0.885
75.7269999999999,0.21,1.284,24.82,-82.6322402,40.6943893,357.923,24.442972,-49.297005,-0.845
75.8270000000002,0.217,1.065,23.95,-82.6322062,40.6943506,358.504,24.844053,-53.03324,-0.835
75.9269999999997,0.265,0.994,20.63,-82.6321895,40.6943314,358.662,24.96682,-54.2409,-0.856
76.0190000000002,0.249,0.871,17.26,-82.6321895,40.6943314,358.662,24.96682,-54.2409,-0.883
76.1310000000003,0.242,0.898,16.55,-82.6321593,40.6942934,358.69,24.960564,-56.98479,-0.89
76.2190000000001,0.27,0.835,15.41,-82.6321593,40.6942934,358.69,24.960564,-56.98479,-0.898
76.3310000000001,0.288,0.796,14.86,-82.6321335,40.6942531,358.651,24.996288,-60.707172,-0.89
76.4189999999999,0.324,0.829,15.79,-82.6321335,40.6942531,358.651,24.996288,-60.707172,-0.894
76.5320000000002,0.323,0.738,15.12,-82.63211,40.6942106,358.567,25.385168,-64.0204,-0.866
76.6269999999995,0.293,0.646,13.64,-82.6320992,40.6941885,358.504,25.616076,-65.556046,-0.828
76.7190000000001,0.309,0.466,11.31,-82.6320992,40.6941885,358.504,25.616076,-65.556046,-0.773
76.8270000000002,0.27,0.546,9.44,-82.6320806,40.6941415,357.966,26.618746,-69.73368,-0.724
76.9269999999997,0.319,0.304,10.8,-82.6320719,40.6941175,357.694,27.065088,-71.20352,-0.666
77.027,0.265,0.575,7.87,-82.6320633,40.6940935,357.38,27.42961,-72.45031,-0.661
77.1179999999995,0.281,0.358,9.72,-82.6320633,40.6940935,357.38,27.42961,-72.45031,-0.658
77.2179999999998,0.254,0.431,9.08,-82.6320633,40.6940935,357.38,27.42961,-72.45031,-0.684
77.3319999999994,0.258,0.427,6.54,-82.632041,40.6940179,356.853,28.670952,-75.9686,-0.727
77.4259999999995,0.271,0.416,6.28,-82.6320351,40.693992,356.677,29.002726,-77.329735,-0.789
77.5259999999998,0.292,0.358,6.18,-82.6320296,40.6939655,356.519,29.45451,-78.44204,-0.865
77.6179999999995,0.321,0.281,5.27,-82.6320296,40.6939655,356.519,29.45451,-78.44204,-0.933
77.732,0.281,0.315,4.8,-82.6320186,40.6939117,356.206,30.154829,-79.91274,-0.995
77.8180000000002,0.292,0.197,4.3,-82.6320186,40.6939117,356.206,30.154829,-79.91274,-1.028
77.9259999999995,0.282,0.262,4.46,-82.6320135,40.6938845,355.977,30.56062,-80.71342,-1.041
78.0259999999998,0.271,0.18,3.12,-82.632002,40.693829,355.805,31.079653,-80.92574,-1.052
78.1179999999995,0.279,0.105,2.71,-82.632002,40.693829,355.805,31.079653,-80.92574,-1.036
78.2299999999996,0.287,0.1,2.54,-82.6319915,40.6937723,355.649,31.589886,-81.4773,-1.049
78.3180000000002,0.321,0.067,1.82,-82.6319915,40.6937723,355.649,31.589886,-81.4773,-1.041
78.4179999999997,0.26,0.054,0,-82.6319915,40.6937723,355.649,31.589886,-81.4773,-1.064
78.5299999999997,0.275,-0.012,-0.19,-82.6319762,40.6936853,355.353,32.40161,-82.06753,-1.089
78.6179999999995,0.304,-0.056,-0.06,-82.6319762,40.6936853,355.353,32.40161,-82.06753,-1.096
78.7309999999998,0.324,-0.012,0.34,-82.6319657,40.6936259,355.174,32.89131,-82.256805,-1.08
78.826,0.296,0.003,0.66,-82.6319609,40.693596,355.081,33.137222,-82.47165,-1.072
78.9179999999997,0.263,0.035,1.24,-82.6319609,40.693596,355.081,33.137222,-82.47165,-1.086
79.0289999999995,0.256,0.013,2.19,-82.6319513,40.6935348,354.921,33.719215,-82.77378,-1.101
79.1170000000002,0.313,0.138,2.73,-82.6319513,40.6935348,354.921,33.719215,-82.77378,-1.122
79.2290000000003,0.295,0.075,2.09,-82.6319413,40.6934724,354.77,34.377396,-82.99699,-1.137
79.317,0.343,0.108,1.53,-82.6319413,40.6934724,354.77,34.377396,-82.99699,-1.144
79.4169999999995,0.35,0.104,0.82,-82.6319413,40.6934724,354.77,34.377396,-82.99699,-1.137
79.5309999999999,0.299,0.102,1.5,-82.6319304,40.6933766,354.653,35.199337,-83.89895,-1.112
79.625,0.292,0.184,2.9,-82.6319274,40.6933443,354.605,35.479824,-84.2235,-1.099
79.7479999999996,0.316,0.199,4.02,-82.6319274,40.6933443,354.605,35.479824,-84.2235,-1.115
79.8310000000001,0.35,0.3,5.04,-82.6319192,40.69328,354.609,35.568436,-84.238106,-1.15
79.9309999999996,0.323,0.277,3.71,-82.6319192,40.69328,354.609,35.568436,-84.238106,-1.18
80.0309999999999,0.282,0.244,3.04,-82.6319132,40.6932155,354.539,35.73874,-84.73299,-1.219
80.1310000000003,0.315,0.219,2.88,-82.6319132,40.6932155,354.539,35.73874,-84.73299,-1.237
80.2309999999998,0.269,0.185,3.39,-82.6319099,40.6931492,354.471,36.228085,-85.51879,-1.235
80.3310000000001,0.367,0.24,3.68,-82.6319099,40.6931492,354.471,36.228085,-85.51879,-1.228
80.4309999999996,0.302,0.29,4.16,-82.6319034,40.6930815,354.488,36.79761,-85.54157,-1.195
80.5309999999999,0.303,0.301,5.18,-82.6319034,40.6930815,354.488,36.79761,-85.54157,-1.177
80.6310000000003,0.303,0.246,4.44,-82.6319019,40.693048,354.469,36.91479,-85.804886,-1.13
80.7309999999998,0.312,0.272,4.67,-82.6318991,40.6929799,354.481,37.295067,-86.24827,-1.072
80.8299999999999,0.313,0.271,5.3,-82.6318984,40.6929456,354.466,37.483772,-86.52761,-0.995
80.9300000000003,0.314,0.386,6,-82.6318984,40.6929456,354.466,37.483772,-86.52761,-0.946
81.0309999999999,0.269,0.304,6.44,-82.6318982,40.6929109,354.451,37.668987,-86.925644,-0.923
81.1300000000001,0.285,0.485,7.77,-82.6319025,40.6928392,354.237,38.46252,-88.2864,-0.903
81.2299999999996,0.27,0.548,8.86,-82.6319058,40.6928031,354.085,38.810577,-89.09928,-0.895
81.3299999999999,0.281,0.667,8.84,-82.6319058,40.6928031,354.085,38.810577,-89.09928,-0.906
81.4300000000003,0.256,0.542,7.92,-82.6319075,40.6927674,354.046,38.97724,-89.50012,-0.909
81.5299999999997,0.31,0.51,7.93,-82.6319149,40.6926951,353.864,39.460297,-90.84231,-0.908
81.6300000000001,0.276,0.475,6.26,-82.6319196,40.6926589,353.781,39.612026,-91.62046,-0.896
81.7299999999996,0.26,0.439,8.12,-82.6319196,40.6926589,353.781,39.612026,-91.62046,-0.896
81.8299999999999,0.257,0.58,9.12,-82.6319252,40.692622,353.648,39.983437,-92.45158,-0.937
81.9300000000003,0.284,0.624,8.36,-82.6319252,40.692622,353.648,39.983437,-92.45158,-0.984
82.0299999999997,0.214,0.56,6.91,-82.6319481,40.6925093,353.312,41.268585,-95.647026,-1.019
82.1300000000001,0.238,0.607,8.61,-82.6319559,40.692472,353.27,41.461967,-96.57983,-1.068
82.2299999999996,0.26,0.527,7.56,-82.6319559,40.692472,353.27,41.461967,-96.57983,-1.121
82.3299999999999,0.209,0.471,7.79,-82.6319724,40.6923984,353.149,41.700813,-98.24671,-1.117
82.4300000000003,0.194,0.66,10.21,-82.6319815,40.6923617,353.051,41.88531,-99.08217,-1.089
82.5299999999997,0.211,0.651,10.77,-82.6319815,40.6923617,353.051,41.88531,-99.08217,-1.024
82.6300000000001,0.241,0.58,10.93,-82.6320018,40.6922869,353.117,42.31248,-100.52896,-0.984
82.7299999999996,0.186,0.637,12.4,-82.6320133,40.6922494,353.112,42.402664,-101.304634,-0.968
82.8289999999997,0.232,1.048,14.39,-82.6320257,40.692212,353.011,42.63954,-102.174545,-1.004
82.9290000000001,0.207,0.687,10.93,-82.6320257,40.692212,353.011,42.63954,-102.174545,-1.031
83.0289999999995,0.224,0.551,10.55,-82.6320566,40.6921375,352.748,43.256607,-104.95531,-1.033
83.1289999999999,0.164,0.827,11.4,-82.6320722,40.6921009,352.63,43.114544,-105.819405,-1.058
83.2290000000003,0.131,0.883,11.52,-82.6320891,40.6920642,352.588,42.997425,-106.71073,-1.076
83.3289999999997,0.101,0.858,12.74,-82.6320891,40.6920642,352.588,42.997425,-106.71073,-1.105
83.4290000000001,0.016,0.875,11.97,-82.6321263,40.6919911,352.675,42.81612,-108.72278,-1.14
83.5289999999995,-0.031,1.046,12.46,-82.6321461,40.6919551,352.722,42.67239,-109.641174,-1.177
83.6289999999999,0.046,0.773,11.19,-82.6321461,40.6919551,352.722,42.67239,-109.641174,-1.188
83.7290000000003,-0.047,0.839,11.08,-82.6321887,40.6918845,352.939,42.23569,-111.75353,-1.171
83.8289999999997,-0.313,0.757,10.87,-82.6321887,40.6918845,352.939,42.23569,-111.75353,-1.128
83.9290000000001,-0.53,0.748,10.68,-82.6322115,40.6918498,352.967,42.092304,-112.891106,-1.115
84.0289999999995,-0.614,0.59,8.9,-82.6322584,40.6917805,353.297,41.69938,-114.72714,-1.077
84.1289999999999,-0.716,0.351,8.63,-82.6322838,40.6917459,353.386,41.87528,-115.62867,-1.04
84.2290000000003,-0.698,0.514,6.41,-82.6322838,40.6917459,353.386,41.87528,-115.62867,-1.021
84.3289999999997,-0.73,0.428,4.62,-82.6323094,40.6917119,353.504,41.89156,-116.51611,-1.038
84.4279999999999,-0.75,0.334,3.43,-82.6323625,40.6916459,353.634,41.868305,-118.242355,-1.082
84.5280000000002,-0.666,0.332,3.11,-82.6323886,40.6916134,353.746,41.729874,-118.8132,-1.118
84.6279999999997,-0.708,0.264,2.46,-82.6323886,40.6916134,353.746,41.729874,-118.8132,-1.123
84.7280000000001,-0.788,0.168,4.75,-82.6324144,40.6915823,353.87,41.317413,-119.49373,-1.134
84.8279999999995,-0.687,0.097,4.25,-82.6324144,40.6915823,353.87,41.317413,-119.49373,-1.162
84.9279999999999,-0.669,0.144,1.29,-82.6324851,40.6914957,354.57,39.08493,-120.65953,-1.14
85.0280000000002,-0.659,0.036,-1.07,-82.6324851,40.6914957,354.57,39.08493,-120.65953,-1.041
85.1279999999997,-0.712,-0.26,-3.72,-82.632533,40.6914418,355.034,37.72786,-121.638336,-0.971
85.2280000000001,-0.633,-0.185,-4.71,-82.632533,40.6914418,355.034,37.72786,-121.638336,-0.977
85.3279999999995,-0.513,-0.445,-6.19,-82.6325708,40.6913909,356.091,35.10238,-120.868576,-0.995
85.4279999999999,-0.629,-0.516,-7.85,-82.6325914,40.6913659,356.414,34.332535,-120.80062,-0.994
85.5280000000002,-0.564,-0.486,-11.27,-82.6325914,40.6913659,356.414,34.332535,-120.80062,-0.982
85.6279999999997,-0.481,-0.618,-11.86,-82.6326117,40.6913415,356.729,33.61098,-120.700645,-0.946
85.7280000000001,-0.358,-0.712,-13.17,-82.6326516,40.6912923,357.371,32.315212,-120.33429,-0.879
85.8279999999995,-0.245,-0.942,-16.47,-82.6326699,40.691268,357.579,31.75965,-119.93957,-0.847
85.9279999999999,0.036,-0.825,-17.41,-82.6326699,40.691268,357.579,31.75965,-119.93957,-0.895
86.0280000000002,0.007,-0.596,-13.01,-82.6327058,40.6912197,357.981,30.936129,-119.13376,-0.937
86.1279999999997,-0.057,-0.913,-14.21,-82.6327058,40.6912197,357.981,30.936129,-119.13376,-0.951
86.2280000000001,0.068,-0.85,-16.13,-82.6327378,40.6911682,358.579,30.443747,-117.21324,-0.982
86.3279999999995,0.052,-0.817,-14.51,-82.6327534,40.6911409,359.023,30.390196,-116.21086,-0.996
86.4279999999999,0.07,-1.034,-15.81,-82.6327534,40.6911409,359.023,30.390196,-116.21086,-0.97
86.5360000000001,0.057,-0.956,-18.08,-82.6327668,40.6911145,359.225,30.267242,-115.02375,-0.979
86.6279999999997,0.107,-0.885,-19.66,-82.6327907,40.6910613,359.545,30.049332,-112.32204,-1.018
86.7280000000001,0.024,-1.071,-19.23,-82.6327945,40.6910326,359.088,30.282604,-109.3865,-1.047
86.8279999999995,0.029,-1.1,-17.29,-82.6327945,40.6910326,359.088,30.282604,-109.3865,-1.043
86.9279999999999,0.07,-0.929,-14.67,-82.632808,40.6909769,359.195,30.222874,-105.411446,-1.046
87.027,0.036,-1.034,-16.42,-82.632808,40.6909769,359.195,30.222874,-105.411446,-1.024
87.1269999999995,0.121,-1.07,-17,-82.6328204,40.6909215,359.613,30.138489,-101.83577,-1.012
87.2269999999999,0.065,-0.881,-18.05,-82.6328204,40.6909215,359.613,30.138489,-101.83577,-1.015
87.3389999999999,0.149,-0.923,-17.73,-82.63283,40.6908661,360.067,30.127174,-98.45833,-1.019
87.4269999999997,0.042,-0.911,-17.77,-82.63283,40.6908661,360.067,30.127174,-98.45833,-0.99
87.54,0.056,-1.195,-20.57,-82.6328358,40.6908105,360.525,30.208788,-95.053566,-0.957
87.6269999999995,0.155,-1.095,-20.37,-82.6328358,40.6908105,360.525,30.208788,-95.053566,-0.952
87.7380000000003,0.228,-0.889,-19.34,-82.6328406,40.690753,361.503,30.310278,-92.2702,-0.96
87.8270000000002,0.261,-1.224,-18.76,-82.6328406,40.690753,361.503,30.310278,-92.2702,-0.923
87.9380000000001,0.161,-0.722,-17.36,-82.632841,40.6906942,362.466,30.801672,-89.795235,-0.916
88.027,0.188,-1.283,-19.75,-82.632841,40.6906942,362.466,30.801672,-89.795235,-0.904
88.1379999999999,0.231,-1.035,-15.21,-82.6328367,40.6906366,362.957,31.299244,-87.63616,-0.92
88.2259999999997,0.3,-0.878,-15.49,-82.6328367,40.6906366,362.957,31.299244,-87.63616,-0.957
88.3379999999997,0.215,-1.052,-14.69,-82.6328272,40.6905785,363.47,31.823044,-84.83983,-0.956
88.4259999999995,0.189,-1.034,-14.7,-82.6328272,40.6905785,363.47,31.823044,-84.83983,-0.964
88.5259999999998,0.324,-0.761,-15.25,-82.632814,40.6905214,363.764,32.02263,-82.710625,-0.963
88.6260000000002,0.287,-1.014,-15.67,-82.632814,40.6905214,363.764,32.02263,-82.710625,-0.927
88.7380000000003,0.261,-1.055,-16.15,-82.6327953,40.6904657,363.756,32.244823,-80.17227,-0.913
88.826,0.182,-1.065,-15.23,-82.6327953,40.6904657,363.756,32.244823,-80.17227,-0.93
88.9380000000001,0.26,-0.982,-16.52,-82.6327635,40.6904102,364.494,32.213184,-74.26244,-0.995
89.0259999999998,0.275,-0.943,-15.15,-82.6327635,40.6904102,364.494,32.213184,-74.26244,-1.017
89.1260000000002,0.342,-0.666,-12.65,-82.6327309,40.6903554,364.97,32.51795,-70.734085,-1.025
89.2339999999995,0.376,-0.538,-10.67,-82.6327132,40.690328,365.227,32.72999,-69.05431,-1.002
89.326,0.343,-0.973,-10.81,-82.6327132,40.690328,365.227,32.72999,-69.05431,-0.96
89.4259999999995,0.393,-0.457,-6.73,-82.6326943,40.6903005,365.466,33.010475,-67.408195,-0.964
89.5339999999997,0.34,-0.2,-2.78,-82.6326553,40.6902456,365.92,33.549763,-64.80342,-0.994
89.6260000000002,0.303,-0.164,-0.2,-82.6326354,40.6902178,366.221,33.872627,-63.74539,-0.978
89.7640000000001,0.267,0.015,1.98,-82.6326354,40.6902178,366.221,33.872627,-63.74539,-0.93
89.8469999999998,0.315,0.009,1.95,-82.6326139,40.6901907,366.244,34.283504,-62.963665,-0.911
89.9470000000001,0.367,0.154,2.37,-82.6325694,40.6901354,366.298,35.2317,-61.60775,-0.922
90.0469999999996,0.267,0.195,2.61,-82.632548,40.6901074,366.366,35.548492,-61.371513,-0.898
90.1469999999999,0.233,0.305,5.69,-82.632548,40.6901074,366.366,35.548492,-61.371513,-0.887
90.2470000000003,0.147,0.358,7.51,-82.6325269,40.6900792,366.458,35.87196,-61.290043,-0.905
90.3469999999998,0.1,0.407,9.69,-82.6324851,40.6900209,366.947,36.467754,-61.085884,-0.905
90.4459999999999,0.035,0.647,12.02,-82.6324851,40.6900209,366.947,36.467754,-61.085884,-0.907
90.5460000000003,0.029,0.844,13.99,-82.6324446,40.6899625,367.081,36.889294,-61.76661,-0.949
90.6459999999997,0.068,0.833,12.26,-82.6324446,40.6899625,367.081,36.889294,-61.76661,-1.018
90.7460000000001,0.036,0.822,11.06,-82.6324078,40.6899023,367.405,37.04802,-63.171967,-1.065
90.8459999999995,0.031,0.818,12.14,-82.6324078,40.6899023,367.405,37.04802,-63.171967,-1.092
90.9459999999999,-0.097,0.691,12.66,-82.6323733,40.6898411,367.752,37.1753,-64.81447,-1.085
91.0460000000003,-0.135,0.729,14.19,-82.6323733,40.6898411,367.752,37.1753,-64.81447,-1.055
91.1459999999997,-0.14,0.678,11.46,-82.6323408,40.6897796,368.055,37.04444,-66.14908,-1.053
91.2460000000001,-0.278,0.599,8.49,-82.6323408,40.6897796,368.055,37.04444,-66.14908,-1.062
91.3459999999995,-0.43,0.548,7.05,-82.6323266,40.6897486,368.297,36.82166,-67.14897,-1.072
91.4459999999999,-0.487,0.57,5.41,-82.6322991,40.6896884,368.063,36.539436,-69.247475,-1.038
91.5460000000003,-0.631,0.428,4.59,-82.6322873,40.6896583,368.029,36.176907,-70.196945,-0.99
91.6459999999997,-0.829,0.244,3.59,-82.6322873,40.6896583,368.029,36.176907,-70.196945,-0.94
91.7460000000001,-0.965,0.273,4.69,-82.6322756,40.6896286,368.09,35.657288,-70.81769,-0.916
91.8459999999995,-1.001,0.297,5.73,-82.6322543,40.6895713,368.242,34.2663,-71.88247,-0.901
91.9459999999999,-1.012,0.424,10.45,-82.6322452,40.6895435,368.355,33.45488,-72.50797,-0.867
92.0460000000003,-1.082,0.368,11,-82.6322452,40.6895435,368.355,33.45488,-72.50797,-0.853
92.1449999999995,-0.942,0.341,8.9,-82.6322373,40.6895166,368.428,32.58086,-73.36817,-0.835
92.2449999999999,-0.911,0.51,7.06,-82.6322234,40.6894649,368.715,30.660656,-74.807205,-0.807
92.3450000000003,-0.741,0.53,6.7,-82.6322168,40.68944,368.827,29.88261,-75.414635,-0.841
92.4449999999997,-0.612,0.218,4.83,-82.6322168,40.68944,368.827,29.88261,-75.414635,-0.83
92.5450000000001,-0.609,0.505,8.4,-82.6322065,40.6893928,368.901,28.203217,-77.354324,-0.84
92.6449999999995,-0.708,0.594,14.1,-82.6322065,40.6893928,368.901,28.203217,-77.354324,-0.843
92.7449999999999,-0.651,0.719,18.9,-82.6322017,40.6893693,368.958,27.701866,-78.22327,-0.864
92.8450000000003,-0.515,0.618,20.74,-82.6321956,40.6893237,369.172,26.44703,-80.306,-0.878
92.9449999999997,-0.435,0.85,19.72,-82.6321932,40.6893016,369.348,25.758625,-81.1269,-0.881
93.0450000000001,-0.386,0.879,21,-82.6321932,40.6893016,369.348,25.758625,-81.1269,-0.924
93.1449999999995,-0.241,0.966,19.81,-82.6321916,40.6892798,369.556,25.126947,-82.14747,-0.969
93.2449999999999,-0.187,0.829,19.18,-82.6321909,40.6892375,369.868,24.077429,-84.65677,-1.005
93.3450000000003,-0.153,0.869,19.45,-82.6321957,40.6892171,369.714,23.92422,-88.058105,-1.018
93.4449999999997,-0.13,0.901,20.86,-82.6321957,40.6892171,369.714,23.92422,-88.058105,-1.031
93.5450000000001,-0.121,0.899,22.17,-82.6321995,40.6891966,369.65,23.709398,-90.31441,-1.045
93.6449999999995,-0.148,0.923,23.78,-82.6321995,40.6891966,369.65,23.709398,-90.31441,-1.052
93.7449999999999,-0.178,0.942,24.36,-82.6322174,40.6891379,369.412,23.03923,-97.260826,-1.054
93.8450000000003,-0.132,0.859,25.45,-82.6322174,40.6891379,369.412,23.03923,-97.260826,-1.039
93.9449999999997,-0.166,0.901,26.33,-82.632235,40.6891019,368.961,22.58464,-102.95277,-1.043
94.0450000000001,-0.13,1.074,27.32,-82.632235,40.6891019,368.961,22.58464,-102.95277,-1.065
94.1449999999995,-0.093,0.826,27.08,-82.6322575,40.689065,369.286,22.055359,-108.37741,-1.072
94.2439999999997,-0.15,1.033,27.29,-82.6322575,40.689065,369.286,22.055359,-108.37741,-1.068
94.3440000000001,-0.074,1.124,30.77,-82.6322699,40.6890474,369.348,21.931623,-111.18013,-1.05
94.4439999999995,-0.018,1.213,29.83,-82.6322976,40.6890129,369.737,21.621704,-116.4939,-1.041
94.5439999999999,0.038,1.036,28.45,-82.6323113,40.6889964,369.77,21.595066,-118.263,-1.031
94.6440000000002,0.035,0.901,26.16,-82.6323113,40.6889964,369.77,21.595066,-118.263,-1.007
94.7439999999997,0.033,1.1,25.93,-82.6323266,40.6889805,369.793,21.653067,-120.64139,-0.986
94.8440000000001,0.03,0.983,26.77,-82.6323266,40.6889805,369.793,21.653067,-120.64139,-0.98
94.9439999999995,0.079,1.026,28.66,-82.6323776,40.6889366,369.829,21.541903,-127.945,-0.983
95.0439999999999,-0.009,1.042,28.51,-82.6323965,40.6889233,369.831,21.575935,-130.61858,-0.97
95.1440000000002,-0.084,1.12,30.21,-82.6323965,40.6889233,369.831,21.575935,-130.61858,-0.96
95.2439999999997,-0.097,1.146,32.96,-82.6324169,40.6889106,369.903,21.64737,-133.52063,-0.956
95.3440000000001,-0.077,1.199,34.14,-82.6324607,40.6888852,370.355,21.856325,-138.37735,-0.954
95.4439999999995,-0.077,1.146,34.21,-82.6324607,40.6888852,370.355,21.856325,-138.37735,-0.958
95.5439999999999,-0.065,1.112,33.83,-82.6325016,40.6888657,369.8,21.679968,-142.17834,-0.951
95.6440000000002,-0.059,1.343,32.43,-82.6325016,40.6888657,369.8,21.679968,-142.17834,-0.988
95.7439999999997,0.06,1.107,29.87,-82.6325403,40.6888534,368.699,20.651669,-146.75629,-1.019
95.8440000000001,0.042,1.038,29.23,-82.6325403,40.6888534,368.699,20.651669,-146.75629,-1.006
95.9439999999995,0.153,1.023,28,-82.6325832,40.6888419,368.289,20.027975,-151.68181,-0.975
96.0439999999999,0.184,0.971,25.28,-82.6325832,40.6888419,368.289,20.027975,-151.68181,-0.945
96.1440000000002,0.191,1.093,26.94,-82.6326313,40.6888327,368.2,20.106882,-157.01843,-0.932
96.2439999999997,0.248,1.026,26.73,-82.6326313,40.6888327,368.2,20.106882,-157.01843,-0.926
96.3440000000001,0.198,0.958,24.39,-82.6326804,40.6888268,368.104,20.091286,-161.84462,-0.938
96.4439999999995,0.272,0.766,24.03,-82.6326804,40.6888268,368.104,20.091286,-161.84462,-0.928
96.5439999999999,0.199,0.995,24.64,-82.6327335,40.6888225,368.477,20.362123,-166.65314,-0.922
96.6440000000002,0.237,0.991,27.25,-82.6327335,40.6888225,368.477,20.362123,-166.65314,-0.926
96.7439999999997,0.262,0.926,24.94,-82.632785,40.6888223,368.725,20.347849,-171.66278,-0.91
96.8440000000001,0.2,1.123,26.76,-82.632785,40.6888223,368.725,20.347849,-171.66278,-0.9
96.9439999999995,0.268,1.041,26.74,-82.6328365,40.6888253,368.705,20.45978,-176.10394,-0.91
97.0439999999999,0.211,1.182,25.8,-82.6328365,40.6888253,368.705,20.45978,-176.10394,-0.936
97.1440000000002,0.239,0.8,25.64,-82.632887,40.6888396,367.631,20.590185,176.90968,-0.941
97.2439999999997,0.043,1.236,26.61,-82.632887,40.6888396,367.631,20.590185,176.90968,-0.939
97.3440000000001,0.3,1.151,35.04,-82.6329416,40.6888571,367.101,21.283575,170.15263,-1.008
97.4439999999995,0.268,0.823,22.14,-82.6329416,40.6888571,367.101,21.283575,170.15263,-0.995
97.5439999999999,0.147,0.749,18.11,-82.6329976,40.6888818,367.543,22.325766,160.61548,-0.928
97.6440000000002,0.193,0.961,29.02,-82.6329976,40.6888818,367.543,22.325766,160.61548,-0.914
97.7439999999997,0.238,1.274,34.99,-82.633048,40.6889072,367.177,22.938778,154.70847,-0.919
97.8440000000001,0.277,1.185,24.93,-82.633048,40.6889072,367.177,22.938778,154.70847,-0.963
97.9439999999995,0.294,1.203,22.36,-82.6330974,40.6889326,368.626,23.299156,147.14212,-1.006
98.0439999999999,0.399,0.895,20.36,-82.6330974,40.6889326,368.626,23.299156,147.14212,-1.02
98.1440000000002,0.398,0.982,17.52,-82.6331434,40.6889619,369.034,23.863583,142.03024,-1.019
98.2439999999997,0.402,0.692,15.34,-82.6331434,40.6889619,369.034,23.863583,142.03024,-0.994
98.3440000000001,0.408,0.762,16.01,-82.6331879,40.6889962,368.892,24.777056,137.61742,-0.972
98.4439999999995,0.439,0.565,12.88,-82.6332092,40.6890142,368.736,25.148382,135.6767,-0.962
98.5439999999999,0.393,0.396,9.63,-82.6332305,40.689033,368.408,25.549507,134.60355,-0.966
98.6440000000002,0.457,0.437,8.46,-82.6332305,40.689033,368.408,25.549507,134.60355,-0.986
98.7439999999997,0.425,0.243,2.92,-82.6332723,40.6890726,367.696,26.28552,132.23996,-1.016
98.8440000000001,0.388,-0.09,-2.26,-82.6332936,40.6890931,367.514,26.79554,131.17184,-1.043
98.9439999999995,0.406,-0.207,-5.99,-82.633315,40.6891141,367.326,27.292288,130.34854,-1.064
99.0439999999999,0.355,-0.388,-8.61,-82.633315,40.6891141,367.326,27.292288,130.34854,-1.086
99.1440000000002,0.395,-0.551,-11.1,-82.63336,40.6891562,367.261,28.406322,129.68677,-1.078
99.2439999999997,0.376,-0.537,-12.57,-82.6333837,40.6891773,367.219,28.959576,130.01329,-1.038
99.3440000000001,0.315,-0.627,-14.24,-82.633408,40.6891981,367.21,29.406033,130.53156,-0.991
99.4439999999995,0.337,-0.631,-15.3,-82.633408,40.6891981,367.21,29.406033,130.53156,-0.934
99.5439999999999,0.262,-0.659,-18.31,-82.633433,40.6892191,367.131,29.925304,131.24716,-0.89
99.6440000000002,0.334,-0.745,-21.02,-82.6334849,40.6892604,366.384,30.674181,133.8508,-0.859
99.7799999999997,0.32,-1.096,-18.77,-82.6334849,40.6892604,366.384,30.674181,133.8508,-0.832
99.8620000000001,0.32,-0.896,-19.79,-82.633512,40.6892808,365.936,31.00164,135.26138,-0.844
99.9619999999995,0.269,-1.073,-21.45,-82.6335702,40.6893198,365.353,31.840158,138.489,-0.893
100.062,0.248,-0.946,-20.96,-82.6335702,40.6893198,365.353,31.840158,138.489,-0.986
100.162,0.209,-1.35,-18.97,-82.6336324,40.6893564,364.755,32.54452,142.22849,-1.057
100.262,0.284,-1.066,-17.85,-82.6336324,40.6893564,364.755,32.54452,142.22849,-1.101
100.362,0.249,-1.412,-18.91,-82.6336652,40.6893738,364.635,32.91753,143.83694,-1.118
100.462,0.176,-1.391,-18.01,-82.6337344,40.6894056,364.426,33.653152,147.57582,-1.118
100.562,0.199,-1.299,-19.35,-82.6337702,40.6894201,364.294,33.895767,149.4393,-1.165
100.662,0.188,-1.209,-19.84,-82.6337702,40.6894201,364.294,33.895767,149.4393,-1.256
100.762,0.302,-0.971,-16.98,-82.6338069,40.6894337,364.211,34.159676,151.28107,-1.329
100.862,0.226,-0.866,-13.94,-82.6338832,40.6894588,364.123,34.771664,154.82082,-1.283
100.962,0.249,-0.919,-16.45,-82.6339227,40.6894701,364.128,35.116737,156.3921,-1.219
101.062,0.065,-0.948,-13.8,-82.6339227,40.6894701,364.128,35.116737,156.3921,-1.156
101.162,-0.007,-1.008,-14.59,-82.6339632,40.6894784,364.64,35.271435,158.40375,-1.125
101.262,-0.087,-1.085,-14.52,-82.6340446,40.689495,365.059,35.484566,161.56505,-1.095
101.362,0.237,-0.935,-13.29,-82.6340852,40.6895027,365.24,35.48312,162.83672,-1.126
101.461,0.672,-0.907,-14.47,-82.6340852,40.6895027,365.24,35.48312,162.83672,-1.142
101.562,0.206,-0.938,-9.41,-82.6341686,40.6895162,365.543,35.881046,165.65392,-1.151
101.662,0.341,-0.744,-9.05,-82.6341686,40.6895162,365.543,35.881046,165.65392,-1.165
101.762,0.262,-0.804,-10.02,-82.6342117,40.6895218,365.934,36.224957,166.75404,-1.134
101.862,0.297,-0.576,-8.37,-82.634299,40.6895322,366.375,36.872494,168.88203,-1.132
101.962,0.282,-0.582,-8.82,-82.6343433,40.689537,366.53,37.172764,169.7572,-1.127
102.062,0.329,-0.458,-8.31,-82.6343433,40.689537,366.53,37.172764,169.7572,-1.095
102.162,0.318,-0.443,-7.33,-82.634388,40.6895413,366.73,37.45688,170.47229,-1.024
102.262,0.308,-0.412,-7.45,-82.634478,40.6895473,367.221,37.929672,172.44029,-0.961
102.362,0.29,-0.433,-6.12,-82.6345231,40.6895491,367.374,38.10662,173.61165,-0.926
102.462,0.296,-0.445,-4.41,-82.6345231,40.6895491,367.374,38.10662,173.61165,-0.914
